content,label
알리는 저 중에서 3손가락 안에 꼽힘,0
이미 영화도 찍었을 듯. 주성치 나오고,0
페까지만 이건 ㅇㅈ,0
do you know uzi?,0
ㅇㅇ + 씨맥케이스,0
제트선에서 정리,0
너무 갔어 선수들이 어려워한다고 인터뷰 많이 나옴,0
쵸비 라인전은 부정 못함,0
도파가 인정했다 이말이야,0
디시에서 드립은 만갤이 잘침,0
선수들이 받을 스포트라이트를 너무많이 가져간감이 많음,0
나만 재미없나?,0
사람마다 다를 수 있지,0
근데 그리핀 팬은 씨맥팬 중심이고 슼팬은 페이커팬 중심이라 저렇게까지 팀 씹창나면 즙이 한 마디 해서 양대인 담궜을 듯 ㅋㅋ,1
롤판 최악의 팬덤은 대꺠맥이랑 초기견같다,0
놔둬라 정확한 사태가 판단 안되는 돌대가리들 천지임 머리가 나쁜걸 우찌할끼고,0
씨맥 슼으로 따지면 김정균 이상 위친데 비유가 잘못됐노 ㅋㅋ,0
협박 받고 있는 거 아니냐,0
그럼 지 감독 능력없다고 할까,0
킹겐이 대깨맥이라 쉴드 쳐주는 거,0
"2년차 2명, 신인2명(오너 구마) 인데 자금력? 심지어 칸나도 슼에서 키움ㅋㅋ",0
커즈케리아 영입 그전엔 칸클리드테디영입 ㅇㅇ,0
지금은 21년인데 19년도 얘기하는 병신ㅋㅋ,0
계약 올해까지아님? 걍 나갈걸 이미 오더 자리잡음,0
나이트도 작년 월즈 때 잘했는데? 팀원들이 못한거지? 프나틱전 나이트 아니었으면 올라갔을거 같음?,0
지랄 ㅋㅋ 프나틱전도 카사가 다 했다 나이트는 줏어먹은 거지 카사가 차주는거 ㅋㅋ,0
나이트 drx전 1차미드에서 3인궁 빼고 클러치 플레이도 없음 ㅋㅋ 차라리 카사가 클러치 플레이어였지,0
둘이 친하냐,0
세나,0
원,0
본인 미드 조이였음,0
ㅊㅋ,0
너가졌네,0
혜지년해서 그런거임,0
상대미드한테 벽느끼고 아헤가오하는 페이커보단낫지,0
무관의 아헤가오는 언제 끝나냐,0
그 아헤가오보다 6위나 밀리는 미드가 있다?,0
개찐따마냥 아헤가오하는 움짤 자꾸 생각나노ㅋㅋㅋ,0
"칸나, 오너가 지금처럼 크지 못하는 건 진짜일 듯 ㅇㅇ",0
+ 팀이 지고있을때 역전안나옴,0
최근티원이랑했던 1세트 지고있다가 역전한건데?ㅋㅋㅋ,0
쵸기견 아니랄까봐 ㅋ,0
즙독답다 팩트앞에 할말없으니 비하만해대노ㅋㅋ,0
이딴망상 왜함?ㅋㅋㅋ 그 새끼 T1올일없는데,0
ㅋㅋㅋ 이론상 최강팀,0
ㅋ 탑도 바꾸긴 해야함. 탑 너구리사고 정글 커즈사면 좋냐?,0
와 쵸비 지능에 커즈 지능을 얹으면ㄷㄷㄷ,0
lck자체가 인기없어 슼빼곤,0
롤-슼=0 그냥 닥치고 외워,0
인기가 없다기엔 슼제외 압도적인데,0
롤갤만 담갈이 ㅈㄴ 많고 유튜브는 슼팬이 훠얼씬많음,0
난 담원 응원함,0
lck = t1 기억해둬라,0
그나마 이것도 많은거임 티원 대 젠지가 결승전이였으면 ㅋㅋㅋ,0
최소 8강 최대 8강 예상,0
킹즈리얼,0
닉네임이 케틀인데 이즈고르라고하네..ㅋㅋㅋㅋㅋ 케틀 요즘 별로인거야?,0
딱히 좋은편도 아니고.. 이즈 조금만 연습하고 감 잡으면 되게 재밌엉,0
이즈지 트리는 싼편이고 케틀은 그닥,0
케틀받고 스타터팩(바텀) 사셈,0
스타터팩(바텀)구성: 이즈 베인 루시안/ 각 스킨1개/ 경험치부스터 / 룬페이지,0
롤드컵 한번 더 올리고 리그 우승도 5-6번쯤 하면,0
그렇게 못하고 은퇴하면 크라운이나 폰정도로 끝일걸,0
^물로켓^,0
결승갔는데 물로켓이면 아닌놈이 없노ㅋㅋ,0
^즙썀뿅^,0
병신ㅋㅋㅋ,1
물로켓찌이이익~~~,0
무력도르도 8위딱이면 걍 서밋 하위급 취급당한다 쵸비는 항상 무력으로 다 찍어누르고 다녔음? 못할때도 확실히 있었는데,0
1뎃을 하면 팀이 망한다고 할정도로 날라다녔으니깐 올해 쵸비 솔까 꾸준히 잘했음? 누가봐도 개못한적도 많음,0
대놓고 팬들도 태업하는거 아니냐 소리까지 들은 경기도 많이 나옴,0
마갤이나 팬사이트에서도 지들이 인정한 내용인데? 오른잡고 똥싼날 날짜대비헤서 검색이라도 쳐해보던가,0
지표도르 라인전도르 그렇게 빨리던 기인 지금 이만큼 언급됨? 그냥 중위딱선수로 박혀버렸지,0
탑연봉1위 쳐먹은것도 그런 과거 커리어땜시 빨리는거잖아 결국 중위딱선수로 지금은 그렇게 박혀버렸고  쵸비도 마찬가지로 과거커리어땜시 이만큼 빨리는거임 페이커랑 다를바없음,0
할말없으니 패드립으로 나오노 ㅋㅋㅋㅋㅋㅋ 항상 쵸독새끼들 까이면 패드립으로 마무리짓더라,0
관계자 선수들 전부다 기인 존나빨아줫지 과거에 존나 잘한것도 있었고 ㅇㅇ 결국 3년내내 중위딱 선수로 마감됫고 쵸비도 다를바없다,0
쵸비가 내년에 쇼메처럼 lck우승 롤컵우승이라도 하지 않는이상 퇴물이라고 봐야지,0
저항군이 낫다,0
정복자는 저항군이 멋있고 난입은 악물제가 더멋있음,0
오우 디테일 제이스좀치나봐,0
성기사 제이스빼고 다 써봤는데 전투사관학교가 제일 좋던데 부캐는 저항군 제이스만 있었는데 내 취향이이상한건가 진짜 기본스킨보다 별로라 전투사관학교삼,0
Qt,0
그거 오랫동안 해야대,0
누가 물어봣나,0
헐 남호야 너 롤갤하냐,0
왕자영요,0
크로스파이어 던파,0
원신아님?,0
던파,0
너구리가 모든 밈의 중심이었는데 당연하지,0
ㄹㅇ 담원 밈 전멸함 ㅋㅋ,0
와꾸 자체는 이정현이 좀 더 내취향이긴함 윤수빈이 못생긴 건 아닌데 걍 취향차이,0
ㄹㅇ ㅋㅋ 근데 그전에 쵸비는 우승부터 하면 좋을뜻,0
네다음 개븅신 인생막장 쵸기견ㅋㅋ,1
와 쵸기견은 진짜 충성심 지리는듯 우승한번도 못한 미드를 올려치기 ㅈㄴ해주네,0
고버지 어때? ㅎㅎ 23년에 풀려,0
페이커는 에이징커브 되게 늦게온편임,0
아 그런거?,0
페이커가 에이징커브가 빨리왔다라 지금 당장도 결승갔는데,0
대깨맥 왈) 감독이 쵸비 발굴했엉!,0
의미없는새기가 핵심이니까 까는거자나 지능없는새기야 ㅋㅋㅋ,1
이새낀 진짜 머리 나쁜득,1
선수의 급이 다르잖아,0
좆도 아닌새끼가 핵심역할한다고 나대니깐 까는거지,1
뭐라는거임,0
ㄹㅇ 내려칠 것도 없는데 어떻게 내려침,0
어떤데?,0
바론무새 vs cs무새,0
정글없어도 라인전하는 쵸비 혼자크면 신인 커즈 ㅋㅋ,0
보지에 뽀뽀 해줄게,1
흐아..,0
이번에 선발전 다음주 화수목,0
31일부터임 화수목,0
G2는 담원이 떨어진 급이지 원래 시드 한 자리 맡아놓는 팀인데,0
프나틱이 t1아닌가? 제일 근본이잖아,0
ㅋㅋ 불가능하네,0
시발 커리어 좆되긴 하네 ㅋㅋㅋㅋㅋㅋㅋ,1
ㅋㅋㅋㅋ 2025년?,0
군대를 2번갔다와도 불가능이노ㅋㅋㅋ,0
ㅁㅊㅋㅋㅋㅋㅋ,0
ㅋㅋ 바로 비추 찍힌 게 좆나 웃기노 ㅋㅋ,1
쇼메가 lck미드한정 페이커 다음임,0
비추 뭔데 ㅋㅋㅋ,0
슼이 결승 지면 선발전 갈겅,0
3차전은 3시드 4시드 결정하는거야,0
그럼 1차전 한농 2차전 한농승자 vs 젠지 3차전 슼 vs 2차전 승자임?,0
ㄴㄴ 젠지는 담원 우승시 2시드 확정이고 샌박도 선발전 감,0
슼이지든안지든 선발전감 ㅂㅅ새끼야 아는척자제좀,0
? 뭔소리임 젠지는 담원 우승시 직행이고 티원은 우승하면 당연히 1시드로 직행이지,0
응 좆까고 정신병자 짐승견들 데리고 짱깨로 ㄱㄱ,2
윤수빈 아나운서 아카데미에서 남친 사귀었었음,0
그걸믿노,0
여대출신이잖아,0
퍽이나 믿겠다 ㅋㅋ,0
방송을 안하지 페이커는,0
팡머되면 그것도 그거대로 존나 웃길 거 같은데,0
돈이 많아서 그럴 필요가 없을듯,0
생계가 아니라 취미로 하는 방송이면 굳이 광대까진 안해도 되지 않나,0
먼저 빈집드립 치던거 누구?,0
물로켓찌이이익~,0
ㄴ 반박 못하고 이지랄하는건 급식견밖에 없는데,0
반박을 왜함 ㅋㅋㅋㅋ20빈집맞음 빈집도 못터는 느그혁,0
ㄴ 그래 급식아 니말이 다맞아~,0
처음에 15빈집론펼치던게 누군데ㅋㅋㅋ,0
걍 레전드 인생이네 ㅋㅋ,0
팩트긴함,0
금금마마,0
닥쳐 병신새끼야,1
박박 짜짜,0
표식은 기본기 다져야함,0
개입이 없을때 가장 강한 미드와 정글 ㅋㅋ,0
진혁이 슼갈이네 실망이다,0
ㅋㅋㅋㅋㅋㅋㅋㄹㅇ,0
15분의 진에어도 10등이엿고 ㅋㅋ,0
걍 쇼메 페이커가 다해먹는게 배알꼴리니까 그런거인듯,0
짱깨가 많이하면 걍 인기겜이지 인구가 넘사인ㄷ0,0
모바일게임이니까 롤보다 인기가 많은거임,0
중국 군대에서 저거 안하면 간첩소리듣는다더라,0
정글도 요샌 피지컬이 중요해져서 서폿은 이니시각 잘보면 어케 중위권까진 가능,0
20때 해두고 나둔 놈들이 ㅈㄴ 많음,0
""" 와 cs 봐 "" <~ 전형적인 병신",1
""" 걍 이새끼들임 ㅇㅇ""",0
노현딱스 정글러임,0
없구만,0
내생각에는 자꾸 올려치기 하니까 까이는듯 걍 8위미드맞는데,0
농심은 최종 4위자나,0
1위 찍었잖아,0
농심 경기보면 알겠지만 라인전 스노우 볼링을 극복 가능한게 한타실력임,0
솔직히농심 경기가 솔랭이었음 이기던쪽에서 서렌나오고 ㅈㄴ 서로 치고 밖고싸운다음 농심 승리함,0
젠지이겻으면 마지막까지 일위햇엇는데 ㄲㅂ,0
쇼메가 지금보다 5배 더 잘해젿도 얘가 8년 혹은 그 이상 더 선수로 뛸거라고 확신을 못하거든 ㅋㅋ,0
쇼메 잘하는 선수인거 맞는데 지금 나이가 17페이커랑 같음. 언제 떡락할지 모르는거긴함,0
Lck미드라이너 유관다합쳐도 페이커못따라가지않나,0
쇼메 폰 크라운합쳐서 롤드컵3개 므시는 폰말고는 없어서 1개 리그는 쇼메2 응디디2 폰1개 윾칼1개 총 5개인데 페이커 롤컵3개 므시2 리그9,0
커리어딸 그다지선호하진않는데 페이커 커리어가 너무벨붕급임. 규격외수준,0
롤도사 ㅇㄷ?,0
망두노빌런,0
https://gall.dcinside.com/mini/tools,0
숭이시야 홍보 굿,0
개독틀딱아님?,1
개독틀딱같은데 진짜 ㅋㅋ,1
저런건 보통 틀딱이던데,0
잼민이는 참을성이 없어서 저렇게 긴 글을 쓰지 않음 보통 시간 널널한 틀딱들이 하지,0
쵸비상,0
난 또 갠방인줄 알았네ㅔ,0
비디디가 해줘야 해요,0
결국 또 돌고돌아서 얘기하는거지만,0
drx하는거 보면 화나겠지 ㅋㅋ,0
화날일만 가득하니깐,0
그리핀 영상이 남아있는진 모르겠는데 그영상보면 항상 화목함 ㅋㅋㅋ 성적좆박으면 늘 화나지,1
노잼차단완료,0
씨발 무슨 머드를 쳐넣었나,1
잊혀진 룬,0
그거 쥐엘피 사라지고 그대로임?,0
ㅇㅇ 만년서리랑 쓰기엔 서로가 서로를 모순으로 만들고 발분 란두인 홍어통구이탱크로 빙결광선 만들 수 있는데 누가 씀 저걸,1
ㅋㅋㅋㅋ최소한 변경이라도 있었을 줄 알았는데;;,0
삭제될듯,0
빙결광선을 다른 방식으로 쓸 수 있게해줘야함,0
만년서리로 대체된 거 아님? 사용법은 거의 다르긴 하지만..ㅋㅋ,0
헉,0
ww,0
ㅈ,0
재밌음?,0
페독 ㅂㄷㅂㄷ,0
이거 찍으려고 폰들고 ㅈㄹ한게 보이니까 더 ㅂㅅ같네,0
위에 페독들 ㅂㄷㅂㄷ하는거 보니 꿀잼이노 ㅋㅋ,0
정신병있노..,0
이게 팩트,0
그전부터 이미 갈드컵은 열렸다,0
그전에 담갈은 갈드컵 한적이 없다 왜 담원이 우승했는데 대깨맥이랑 슼갈만 싸우냐고 담원 = 우승원툴이라고 개추 2천개 박힌것도 있는 판국에,0
그냥 좀 잘나가면 배가 아픈가봄 ㅋㅋ,0
뭔 개소리지 슼은 뺐어가는 입장인데 뭔 시비를 검 담원이 시비를 걸었지,0
?? 뺏어가면서 담원보고 거지팀이라고 저 짤 같은거 만들면서 시비 오지게 털고 다녔는데 과거까지 날조하노,0
그리고 그게 시비면 20시즌에 클리드 뺐어가고 올프로 갸꿀~이러면거 긁은 젠첩이 역체갈임?,0
그건 젠첩이 시비건거 맞는거지 그거랑 역체갈이랑 뭔 상관? 슼갈 악행 넘을 팬덤은 앞으로 나올 수가 없는데,0
좆유입임? 14년에 승부조작 날조로 2달넘게 개지랄떨어서 케스파에소 직접 나서서 보이스 다까고 간담회열고 슼 선수들 담체로 정신병원 갔는데  페까가 역체갈이지 뭔 슼갈이 역체갈임?  반박가능?,1
경찰 죽이고 일가족 죽이고 남의 팬미팅 방해하고 버그 선동에 선수 인신공격에 SNS 테러하고 살해협박에 위협에 이런짓거리를 매일 같이 밥먹듯이 하는 슼갈은 못넘지 ㅇㅇ 니가 말한 그짓거리 한 100번은 더 해야됨 ㄷㄷ,0
경찰죽이고 일가족죽이고 ㅇㅈㄹ 걍 탈레반도 개좆슼갈이고 문재인고 슼갈이라하지 왜,1
"하는짓이 탈레반, 대깨문이랑 비슷하긴 하네 ㅇㅇ",0
무논리 원툴이네 이런애들이 페까하는규나 납득했다 ㅇㅇ,0
니가 페까 악행 말해주길래 슼갈 악행 말해줬는데 내가 무논리면 너도 무논리임 ㄷㄷ,0
저게 가능해?,0
씨맥이 지입으로 군대서 하극상했다고 말하긴함,0
넌 고소,0
롤붕이1임,0
19년은 없어?,0
19 넣을거면 얀코스,0
얘 또 이소리하네 급식련,0
목주름만 어캐 하자,0
페이커 그냥 존나 사랑하면 개추,0
행정직,0
뭘 여기애들한테 양심을 바라냐 ㅋㅋ,0
반지원정대??? 킹존???,0
심지어 칸은 전년도 우승팀 fpxㅋㅋㅋ,0
담원은 돈 많이 써서 우승한 거임?,0
돈 논리면 뭐 ㅋㅋㅋㅋ 혼자 잡아먹히는 논리 아니냐 ㅋㅋㅋㅋ 즙이 돈 제일 많이 받는데?,0
스찌 새끼니까,0
나이트 아이콘이랑 별반 차이 없었음 경기 보고오셈,0
페이커가 위 맞는데? 작년 페이커 롤드컵 못갔다고 엔젤 밑으로 두는 새끼들 ㅈㄴ 많은데 무슨ㅋㅋ,0
니가 경기를 보고와 병신아 ㅋㅋㅋㅋ 지금 개삽질하는 아이콘이랑 또이또이했던 새끼가 나이트임 ㅋㅋ,1
그럼 롤드컵도 몬 온새끼가 리그 결승간 미드보다 위임?ㅋㅋ 병신새끼가 그냥 지 뇌속에 이미 정답 정해놓고 병신논리 박네,1
재미가 없음,0
젠첩들이 억지로 만든 억지밈,0
리그 우승하나라도 있었으면 저런 조리돌림 안당했을라나,0
못 할 거 같으면 비추임?,0
아슼씨 ㅋㅋ,0
즙독 ㅂㄷㅂㄷ,0
글쓰는거보니 개졷갈련맞네 ㅋㅋ,0
원래 만사가 슼이라는 애들임,0
어차피 1렙밖에 안찍으니 막써도됨,0
킹겐,0
975,0
1350이나 975 되겄지,0
봉인된 세체미ㅠ 8위에서 우승가는 그날까지 화이팅,0
그럼 뭐해? 도인비도 쵸비가 lck최고미드라고 하고 페이커도 쵸비 퍼스트 미드 뽑고 쇼메이커 본인도 쵸비가 본인보다 더 잘한다고 하는데 ㅋㅋㅋ,0
누누와,0
눈이 있으면 쵸비가 세체미인거 다 아는 사실 ㅋㅋ,0
ㄴㅇㅁ 강간이나 하셈,2
느금마 강간중,2
이미 다른 프로게이머가 저 발언했으면 프로생활 끝남,0
뱅도 안끝났는데 왜,0
진지하게 뱅인분이랑 저거랑 같다생각함?,0
뱅보다 심한거 같은데?,0
뱅이 더심함ㅋ,0
뱅도 멘탈 심하게 털리고 바로 폼에 지장 왔는데,0
역시 판관 쵸청천 팬한테도 할말은하네,0
쵸비가 자기한테 열폭한다고하는애가 팬이면 뭐,0
진짜 저리 말함? 날조 아님? 워딩이 쎄긴하네,0
팩트임..,0
슼갈 조작글 비추,0
짱깨방송시청할정도면 자기팬아님? 팬한테 저런소리함? 심지어 그사람이 카톡해킹한것도 아니고 본인이 방송하면서 노출했는데?,0
정보)샌박 도유방송 다시보기 하나하나 관음하다가 착짱죽짱 발언 퍼가서 묻어버린 즙갈도있다,0
안을짓을 해야 안아주는거야,0
싫어,0
흥,0
이블린 개병신창년이잖아 6렙전에는 다보이는 음란뷰지,2
골수빨이라고 팀원한테도 개처맞는 허벌년ㅋㅋㅋ,1
같은 실버인데 다른척하네,0
다르면 어쩔건데?,0
그냥 알려줘봐,0
뭘 어째,0
몇시면 급식 안꼬이냐고,0
실버 아니라서 ㅁㄹ,0
니 어딘데?,0
플레,0
생각보다 안높네,0
룰좆이 저길왜끼노,1
딜러진 존나약하네,0
탑은 좀 ㅋ,0
기인 이지랄 ㅋㅋ,0
ㄴㅇㅁ ㅂㅈ 먹으삼 그럼,2
인신공격 해봐라 그래봤자 넌 그냥 방 구석 루저일 뿐이다,0
쇼메 봤을 때 웃음만 나올 듯 ㅋㅋ 진정한 승자는 선미와 윤수빈 아나운서를 팬으로 두고 있는 쇼메다 ㅋㅋ,0
진지하게 이젠 트포 가야함,0
정보)중잭장 한섭 챌천점은 신파떳을때도 트포몰락만감,0
ㅇㅋㅇㅋ,0
궨,0
궨 아니거든,0
캐리가 안되잖아 숟가락은 임팩트도르 없어서 안돼,0
캐리가 안되긴 병신 ㅋㅋ 경기도 안보는 새끼네,1
우승 1시드 준우승 3 or 4시드,0
병원가봐,0
코파지마,0
코옆에 피지 긁은거야,0
더샤이?,0
더샤인 좀 라인도 다르고 고점만 놓고 보면 루키한테도 안됨,0
다데만해도 고점은 즙이상,0
ㅋㅋ어느부분ㅇ?,0
다데는 페즙 고점일때 2렙솔킬 당하고 다녔는데,0
다데 ㅇㅈㄹㅋㅋ,0
폰,0
페이커 고점: 잼구데리고 므시 롤드컵 우승 및 mvp.,0
다데 폰 이지랄 개알못새끼들 ㅋㅋ,1
내가 본 이후로는 그나마 루키 고점이 살짝 비빌만한 정도인데,0
페이커만한 정도는 안되긴 하는듯 그나마 페이커 다음 정도,0
그나마 더샤이 아님?,0
고점은 쵸비 요네임 고전파도 못보여준 포스,0
없음 잼구같은애 데리고 1년내내 국제대회 mvp 다타고다녀야하는데,0
개좆즙 고점은 나름 비비는 애들 있지 않냐 얘만큼 롱런을 못해서 그렇지,1
근데 아무리 생각해도 얘랑 동급이거나 그 이상인 애들은 ㄹㅇ 없는 거 같은데,0
상윤이가 죠스로 보이노,0
무근본의 근본좌가 조스로 보이노?,0
구웬아 왜그래,0
안았다,0
더샤이 98은 ㅋㅋㅋㅋㅋ,0
더샤이 101 아니냐,0
지금 폼이면 절대 안 나옴,0
전성기 기준아님? 우ㄴ지는 은퇴했잖아,0
도인비 포즈 뭐노,0
우지 개쩌네,0
구단로고는 못쓰나보네,0
해외 팩 나오면 전성기 페이커나오면 스탯 얼마뜬다 보냐,0
감독만 잘만나면 우승해도 이상하지 않을듯,0
저번시즌에 이미 증명했잖음,0
호잇은 베릴한테밀리고나서 뛴지 너무오래되지않았냐 최하위권은 아니겠지만 중위권 절대안될듯,0
"딱 7,8등할듯",0
까지않을까,0
페이커는 이겨도 까임,0
누구,0
맴좆,1
ㄹㅇ 바텀은 둘이 번갈아가면서 거울치료 해야하긴함,0
원딜은 레벨 딸려서 cs수급이 진짜 최우선인데 cs먹는 것도 안되게 원딜보다 뒷포지션 잡고 심하면 탑허깅 쳐하는 새끼들은 걍 서폿할 자격이 없음,0
그래서 원딜출신 서폿 ㅈㄴ잘하잖아,0
ㄹㅇ 뭘 해야 원딜을 케어하는지 이해함,0
17엠비션은 좀,0
더샤이보다 기인이지,0
구라 안치고 서폿이 3명이노,0
근데 우지 돼지련이 있어서 납득가는 구성이긴 함,0
유틸3명에 더샤이 우지가 딜넣어봐 그게 최강팀이지,0
뇌가 여러개라 역효과일거 같음 14마타 하나로 퉁치고 피지컬 위주로 가는게 더 좋을거 같은데,0
내 아이를 임신해줘,0
부끄러ㅠㅠ,0
그웬뷰지 헝겊뷰지,1
헝겊이머야,0
아니 중졸이냐 천 모름 니 옷만들때쓰는 천,0
그웬이학교없어인형이라서,0
존나 재밌겠네,0
찰져서 바로 유행어 되긴 했어,0
쟤네는 애초에 마스터 이상이 별로 없을텐데,0
천룡인섭 다이아= 챌 하위권,0
웬 병신새끼가,1
꼬추 벅벅),0
화약통을 쐈씁니다,0
티어 어디냐 왜 상대가 걍 다맞아주노,0
갱플 인피가면 1.25x1.25 이렇게들감?,0
더샤이 스스로 캐리해야한다는 생각이 커서 무리 너무 많이 했음 스스로 무너졌지 김군은 잘 받아쳤고,0
젠지 선발전이어도 직행은 확정임 시드만 달라지지,0
lng edg임,0
"팀탓하면 팀이 나르 분노 고려 없이 싸워서 지는거고 자기탓하면 라인전 우위, 한타 때 분노 관리 못해서 그런거임",0
ㅋㅋ 오따뀨,0
인사안받음던질게 <~ 친추친추,0
젠지랑 스크림 한 팀은 항상 벤픽이 좆망했지. 그 예가 농심과 펀플,0
감유지만 해야지 밴픽 신경쓰지말고,0
웃긴게 양가 짜르니까 t1이랑 담원 서로 윈윈함 ㅋㅋㅋㅋㅋ,0
페까 병신들이 많잖아,1
이건 뭔 병신같은 소리냐 ㅋㅋ,1
그 갤에다가 주딱 먹는다고 글 쓰고 많은 사람들의 동의 얻어서 임대갤같은 곳에 올리면 알바가 줄껄,0
7일동안 빠짐없이 1번씩 글작성 (고닉만) 정전갤이면 그냥 가능 정전갤 아니면 다수의 동의 필요 보통은 념글갈정도면 됨,0
그다음 동의글에 신고 누르고 마이너갤 위임신청 ㅇㅇ,0
글 7일동안 쓰고 매니저 위임을 신청합니다 한다음 신고 하고 그글 념글 가면 됨,0
댓글로 동의합니다 적어달라하면됨,0
시즌기준으로 카드가나뉘지,0
솔직히 그냥 풋볼매니저처럼 나와야지....,0
니가 슼을 희망이라고 보기 싫은거겠지,0
ㄹㅇ',0
순,0
후자는 고문이잖아,0
전자 걍 내가 강간하면됨,1
뺨 몇대 맞고 정복자 터져서 역관광각,0
후자는 고문인대....,0
16이 롤의 신으로 나오겠지,0
FM 안해봤냐? FM에 15페이커 16페이커가 어딨어,0
fm이 말이 그렇다는거지 그냥 똑같겠냐 저능아새기야 좀ㅋㅋㅋㅋ,1
지가 틀려놓고 지적한사람한테 저능아라고하는 모습 잘봤습니다^^,0
15는 팀이 역체고 페이커 개인기량은 16이 최고니까 그렇지ㅋㅋ,0
15보다 16즙이 더 강하니까,0
도인비가 낫네,0
드레드는 3년차 표식은 2년차일텐데,0
담원 롤드컵 우승 ㅅㄱ,0
븅신 대깨맥검거ㅋㅋㅋㅋㅋ,1
대깨맥들은 그리핀때 했던게 있으니까 믿어본다고 거꾸로 생각하는중이던데 ㄹㅇ대가리깨짐,0
좆문가들 작년 msc우승 슥 점치던애들임,1
매드가 유럽 1황은 맞아,0
ㅋㅋ 제발 그랬으면 싶은 거겠지 양놈새끼들 ㅋㅋ,0
자짤머임,0
8시,0
피씨방에서 2시간 밖에 못하겠네 ㅋㅋ,0
아무리 그래도 이번시즌 루키에 비비기엔 페이커한테 실례던데,0
거의 18 페이커급으로 루키 커리어에서 젤못했잖아,0
팀차이임,0
팀차이 ㅇㅈㄹ ㅋㅋㅋㅋㅋㅋㅋㅋㅋㅋㅋ,0
페이커는 1떠도 묻어갈때가 많은데 루키는 그냥 짐,0
루키도 존나 못했는데,0
루키 이번시즌은 ㄹㅇ 즙보다 못했음 그냥 망가졌어 이제,0
저건 노머고가 븅신이지 레오나 상대로 저런짓을 하네,1
좀치노,0
ㄴㄴ 패자전,0
소스 원툴임,0
아니 소스부터가 맛없던데;,0
그냥굽네는 그나마구운거니까 괜찮겠지라는 심리로정신승리하면서 먹는거,0
저거 컨셉임,0
진짜 어린거냐 무식한거냐,0
컨셉충이자나 저거,0
탈진선에서 컷,0
탈진이 무슨 만능인줄 아냐ㅋㅋㅋ,0
트타한테는 ㄹㅇ 탈진이 답인데 무슨소리하냐,0
라인전 쎄고 사이드운영 개쎄고,0
아는척하지마세요 님이랑 엮이면 욕먹음 ㄷ;,0
후픽하면 좋아서 가끔 나오잖음,0
미드 트타 원챔들이 젤 역겨움,0
바루스,0
저런애가 탐켄치같이 생긴애들 좋아함,0
응 카드뽑기씹노잼 바이럴,1
지랄하네 느그애비창놈새끼,2
높아서 낮아서?,0
사줄꺼임?,0
뭔말인지 모르겠음,0
니가 먼저 허락맡고 쓰라고 삭제하라하셈,0
도입부는 재밌어보였는데 중간부터 노잼이네,0
선발전은갈걸?,0
저 4팀 + rng ra 는 최소 선발전,0
맞아 떨어져도 선발전은이미확정임 rng이긴순간 ㅇㅇ,0
지금 남아있는 6팀은 무조건 선발전 감,0
마스크를 써야지 니 좆빻은 얼굴이 가려지니까 ㅋ,1
못생겨서 보기싫은건데 왜 몰라주냐 ㄹㅇ,0
어휴 불쌍하네,0
써 시발아,1
지금 마스크는 그냥 기본에티켓이 되버림 안쓰면 매너가 없는 사람으로 취급당함,0
병신아 니가 옮기잖아,1
백신맞았다고 병신아,1
"맞아도 돌파감염 가능성 있고, 오히려 맞은만큼 무증상으로 넘어갈 확률도 높음. 니가 안 아픈게 문제가 아니라 옮길 수 있으니 써야지.",0
아니 백신을 맞았다고 뭘옴겨,0
멍청한티좀 내지 마. 돌파감염이 뭔지 모르냐? 확률이 존나 낮아질 뿐 옮길 수 있다니까 그러네.,0
돌파 ㅇㅈㄹ 게임아이템 한계돌파하노 ㅋㅋ,0
뇌 맑아서 좋겠다.,0
그웬이 다리사이에있는 구멍,0
홍어맛,1
딱딱해,0
응디디가 좆으로 보이냐?,1
초비 지금 은퇴하면 거의 나그네급임,0
5 5,0
처음엔 7:3 나중엔 반반,0
이기는데엔 이유가있고 지는데에도 이유가있다,0
아니 저거는 심하잖아 cs도 그렇고 kda도 그렇고,0
이게맞음,0
적게먹고 딜 잘넣나보지,0
하 시발..열등감생긴다 진짜로 딜도 많이 못넣어,0
평점이 어떻건 티어=실력,0
뇌를 의심해보세요,0
꼬우면 티어 올려,0
니랑은 만나는 새끼들 수준이 다르지 않을까,0
시발..뭐가문제인건데,0
"평점은 그티어대 기준이라 아무리 플레에서 상위 지표 있어도 그냥 ""잘하는 플레""로 끝임 뭐 친구는 ""못하는 다이아""인데 당연히 잘하는 플레<<<<<못하는 다이아지 그리고 인게임 플레이는 잘모르는 거고",0
그래..시발.. 어쨋건 내가 그 친구보단 못하다는거잖아,0
그냥 그거 생각하면 됨 lck에서 아무리 못해도 lck cl잘하는 사람보단 낫잖아 극단적 비교를 하면 삼성 꼴통 사원이랑 중소기업 에이스 사원 면 당연히 삼성 꼴통이 낫지,0
2/9/4 박고 딜량1위도르,0
뭐올ㄹ렸는데?,0
우지만 만나면 개같이 발린 놈이 뭔 도윽ㅂ,0
ㅂㅅㅋㅋㅋㅋ,0
한둘이겠노?,0
근데 원본짤은 머임?,0
치어리더들임,0
레넥은 템빨 잘 못 받는 챔프라 풀템전이면 딴 캐에 비해 약함,0
"레넥은 기본 스텟이랑 스킬셋이 좋은거 아닌가, 템 빨 못받고 한방 싸움은 후진거 같은데",0
우지가 99면 솔직히 100도 너무 낮음,0
100이 젤 높은거 아님? 더 위가 있나,0
그니까 수치설정 개판으로 해놓은듯,0
히든도 사기라 뭐,0
개처럼따먹음,0
진짜 존나때리고싶을듯,0
바로 키스해서 입다물게 만듬,0
머쉬 베놈 나와서 두두둥장 하는데 30분 먹음,0
"ㅇㅇ 4시20분부터 축하공연하고 로스터 소개, 상대 전적이나 키플레이어 짚어주고 각팀 4강 하이라이트 보여주고 5시에 밴픽 시작",0
5시 시작이고 경기는 5시 30~ 6시쯤 할걸,0
패시브 버프가 말이 안되긴함,0
클리드 자르반 ㅈㄴ잘썼는데 이상해짐,0
대놓고좋음 천상계서 잘나옴,0
인류애100,0
17이 딱 그시절 페이커 마지막 불꽃이였지 지금도 어찌저찌 상위권 턱걸이는 한다만,0
아직도 기억나는게 서머 결승에서 4명 다죽었는데 르블랑으로 혼자 드가서 비디디 탈리야 솔킬따서 겜 끝나는거 막은거임,0
17이 기량은 최고점이었던거같긴함,0
솔직히 17도 이겼으면 18 그렇게 몰락 안했음,0
이거 ㄹㅇ미친놈이구나 싶엇지,0
1시드 섬머 우승팀 2시드 포인트 1위팀 3.4시드는 선발전 결승전에 간 두 팀,0
아님,0
카드뽑기좆노잼 바이럴,1
마지막아니다,0
w 판단 너무 어려움 대시를 끊어야할지 이속으로 써야할지,0
그할망구는 벌써 너 잊엇을듯 헛수고햇누,0
왜 헛수고임? 뭔갈 바라고 한것도 아니고 힘든일도 아닌데,0
잘했다,0
도파가 쓰는건 그거 맞음,0
찾는건 이게 아니야?,0
원딜중에서,0
괴물쥐,0
밑에짤뭐냐? 짤만만든거임?,0
밑에선 내가 합성한거임,0
그웬옷에 불붙히기,0
안으면서 몰래 그웬이 다리만져도됨?,0
응..,0
오...굿,0
어때어때,0
그웬아 빨리빨리해줘,0
빠리빨리,0
예아 안될거 뭐있노,0
니달리가 좋긴한데 조합맞춰야함,0
1은 1 2는 상대보고,0
객관적으로 볼때 진짜 몰락해서 관짝에 대못 박을거같은데 주관적으로는 즙 우승하면 좋겠다,0
그럼 피파네,0
미친놈 ㅋㅋ,0
아이씨발ㅋㅋㅋㅋㅋㅋ,1
참신하다 ㅋㅋㅋ,0
시발 ㅋㅋㅋㅋㅋ 개추 눌렀다,1
미친새끼 ㅋㅋㅋㅋㅋㅋㅋㅋㅋ,0
가불기는 반칙이지ㅋㅋㅋㅋㅋ,0
어이가없네 ㅅㅂㅋㅋㅋㅋㅋ,0
어케한거냐 ㅅㅂ,0
젠지라고 예상하고 짤보고 방심했다가 쳐맞았네 ㅋㅋ,0
당했다!,0
야이 시발련아 ㅋㅋㅋㅋㅋ,1
재생버튼 불 안들어오는거보고 링크걸어서 할카스 나오는줄알았는데 이정도면 양호하노,0
아시발 ㅋㅋㅋㅋㅋㅋㅋ,0
시발 당했노 ㅋㅋㅋ,1
짤 고맙다 게이야 ㅋㅋ,0
말 존나 심하네 ㅋㅋㅋㅋㅋㅋㅋ,0
도라인가 ㅋㅋㅋㅋㅋㅋㅋㅋㅋㅋㅋㅋㅋㅋ,0
이거 19때꺼 아님?,0
와 오랜만에 당하네 씨발,1
다운 받으니깐 짤은 젠지인데?뭐냐,0
뭐임시발,1
아 씨발 젠지짤 다운받아짐ㅋㅋ,1
ㄹㅇ 뭐냐 ㅋㅋㅋㅋ,0
이왜진?,0
시발 ㄹㅇ 이네 ㅋㅋㅋㅋㅋ,1
ㄹㅇ이노,0
뭐야 ㅋㅋㅋㅋ,0
씹발 어케만들었노,1
걍 이새끼들은 트래쉬 토크를 잘함,0
걍 이새끼들은 트래쉬임,0
걍 이새끼들은 짤림,0
《 롤갤문학 》 『 베팅 』.....  https://gall.dcinside.com/board/view/?id=leagueoflegends4&no=5640555,0
코로나 X 우한폐렴 O 코로나 X 우한폐렴 O 코로나 X 우한폐렴 O 코로나 X 우한폐렴 O 코로나 X 우한폐렴 O 코로나 X 우한폐렴 O 코로나 X 우한폐렴 O 코로나 X 우한폐렴 O 코로나 X 우한폐렴 O 코로나 X 우한폐렴 O 코로나 X 우한폐렴 O 코로나 X 우한폐렴 O 코로나 X 우한폐렴 O 코로나 X 우한폐렴 O 코로나 X 우한폐렴 O 코로나 X 우한폐렴 O 코로나 X 우한폐렴 O 코로나 X 우한폐렴 O 코로나 X 우한폐렴 O 코로나 X 우한폐렴 O 코로나 X 우한폐렴 O 코로나 X 우한폐렴 O 코로나 X 우한폐렴 O 코로나 X 우한폐렴 O 코로나 X 우한폐렴 O 코로나 X 우한폐렴 O 코로나 X 우한폐렴 O 코로나 X 우한폐렴 O 코로나 X 우한폐렴 O 코로나 X 우한폐렴 O 16235,0
인사,0
아좇같네 ㅋㅋㅋㅋㅋㅋㅋㅋㅋㅋ,1
마이크보니 리라노 ㅋㅋ,0
애뮈뒤진 젠첩년이,2
아 쇼메 담궈버릴 트레쉬 토크 어디있냐고!!,0
아잇시팔 ㅋㅋㅋㅋㅋ,1
씨발련아 ㅋㅋ,1
진짜 얼탱이가없어서 웃기네 ㅋㅋ,0
이젠 뭐 할지 상상이안가노,0
어이가 없네 ㅋㅋㅋ,0
뭔데,0
이상한게 다운받아지노 ㅋㅋ,0
다운받았더니 이새끼들이노 ㅋㅋㅋㅋㅋㅋㅋㅋ,0
미쳤나 진짴ㅋㅋㅋㅋㅋ,0
걍 이새끼들은 참신함 ㅋㅋㅋㅋ,0
젠지 짤 뭐냐ㅋㅋ,0
어캐했노ㅋㅋ,0
어케했노 시발련아ㅋㅋㅋㅋ,1
얘넨 걍 다운을 잘함,0
아 ㅋㅋ 뭐노 신박하네,0
이새끼들은 그냥 낚시를 잘함ㅋㅋ,0
개신기하네,0
아이 씨발년이ㅋㅋㅋㅋㅋㅋㅋㅋㅋㅋㅋㅋㅋ,1
미친놈인가ㅋㅋㅋㅋㅋㅋㅋ,0
쇼메가 말을 저리 잘했나 ㅋㅋㅋㅋ,0
시발련잌ㅋㅋㅋㅋㅋㅋㅋㅋㅋㅋㅋㅋㅋㅋㅋㅋㅋㅋ,0
미 친놈이냐 씨발 ㅋㅋㅋㅋ,1
걍 다운로드 중임 ㅋㅋㅋㅋ,0
ㅋㅋㅋㅋㅋㅋㅋㄱㅋㅋ,0
ㅋㅌㅋㅋㅋㅋㅋㅋㅋㅋ,0
걍 이미지임 ㅋㅋㅋㅋㅋㅋㅋㅋㅋㅋ,0
1년전 뵤,0
얼탱이가 없네 ㅋㅋㅋㅋㅋㅋ,0
여기 바이러스 있어요..ㅠㅠ 휴대폰으로 다운받으니까 폰이 멈췄어요 조심하세요 ㅠㅠ,0
걍 이새끼들일줄 알았는데,0
진짜 지긋지긋했는데 어이없어서 개추누른다 ㅋㅋ,0
쇼메 존나 싸가지없네 아무리 상대로 만났다해도 업계 레전드선배인데,0
그건 니가...,0
아니 시발 속고 심지어 다운 받으니까 젠지 ㅋㅋㅋ,1
이새끼들은 걍 이미지임ㅋㅋㅋ,0
아 미친놈아 ㅋㅋㅋㅋㅋㅋㅋㅋㅋㅋㅋㅋㅋㅋㅋㅋ,0
어케했노 ㅋㅋㅋㅋㅋ,0
시발 어이가없네 ㅋㅋㅋ,1
걍 이새끼들이었노 ㅋㅋㅋㅋㅋㅋㅋㅋ,0
아 개웃기네 ㅋㅋㅋㅋㅋㅋㅋㅋㅋㅋㅋ,0
이런씨발년이 ㅋㅋㅋㅋㅋㅋㅋㅋㅋㅋㅋㅋㅋㅋㅋㅋㅋㅋㅋㅋㅋㅋㅋㅋㅋㅋㅋㅋㅋㅋ,1
어이가없네 시발 ㅋㅋㅋㅋ,1
어이가없네 씨발 ㅋㅋㅋ,1
아무도 다운 안 해줬으면 서운할 뻔 했노ㅋㅋ,0
이게먼데... 걍 짤인데,0
시발 이거 받고 폰 고장났는데 어떡함,1
시발다운로드ㅋㅋㅋㅋㅋㅋㅋ,1
걍 이새끼들은 토크를 잘함 ㅋㅋ,0
토너먼트에서 떨어져야 가장 재밌는 팀 ㅋㅋㅋ,0
걍 이새끼들은 낚시를 잘핰ㅋㅋㅋ,0
참신추,0
걍 이새끼들임 시발련들아 ㅋㅋㅋㅋㅋㅋ,1
걍 이새끼들은 낚시를 존나잘함 ㅋㅋ,0
어케했노,0
어이가없네씨발년아ㅋㅋㅋㅋㅋㅋ,1
걍 이새끼들임ㅋㅋ,0
아니 씹 ㅋㅋㅋㅋㅋㅋ,0
이새끼들은 걍 토크를 잘함,0
야발년아ㅋㅋㅋㅋㅋ,1
진짜 미친새끼들이네 ㅋㅋ,0
진짜 지랄을 하는구나 ㅋㅋ,0
ㅁㅊㄴ ㅋㅋㅋㅋㅋㅋㅋ,0
이미지다운받앗네 ㅡㅡ,0
드디어 빛을 보는 반지원정대ㄷㄷ,0
아니시발 미친새낀가 ㅋㅋㅋㅋㅋㅋ,1
어케 했노,0
설마 했는데 씨이발 ㅋㅋㅋㅋㅋㅋ,1
걍 이새끼들이네 씨발,1
걍 이새끼들은 내 폰에 있음ㅋㅋ,0
이게 맞지 ㅋㅋ,0
이러다가 롤드컵 우승하고 우승 그냥 이새끼들임 이러면 ㅈ간지긴 할텐데,0
재미와 명예 두 마리 토끼를 잡노 대황젠 ㄷㄷ,0
https://m.cafe.naver.com/ca-fe/web/cafes/23134993/articles/76984?menuId=15&query=난진지했다,0
걍 이새끼들이었네 ㅋㅋㅋㅋㅋ,0
이새끼들은 왜 다운받아지노 ㅋㅋㅋ,0
이새끼들이 왜 다운받아지냐 ㅋㅋㅋㅋ,0
슼갈이 뭐하는데 ㅋㅋㅋㅋㅋㅋㅋ,0
슼갈한테 ㅂㄷㅂㄷ대고 있는게 웃음벨이네,0
바로 살충제 맞은 벌레새끼마냥 기어나오고 ㅋㅋㅋ 에라이 인간쓰레기들,0
고소는 35페이지 니들이고,0
35페이지 증거는 어디있음?,0
각 강점기마다 누가 개지랄하는지는 뻔히 보이는데 ㅋㅋㅋㅋ,0
16페이커가 제일 높을듯,0
페이커가 젤 높음,0
올뮤트 원딜핑차단,0
원딜 ㅇㅈ,0
그래서 이번에 너프도먹었잖음,0
꿀 지나갔음,0
브실골 1티어래,0
미드가 제일 중요함,0
"각 라인 상황 안보고 합류 ""해 줘"" 하는 개백정새끼들땜에 그럼 잘하는 정글러는 다름",0
그럼 페이커는 왜 커리어도 까이고 연봉값도 못한다고 까이냐,0
유토피아를 꿈꾸는 거임?,0
요즘에는 탑이 정신병자처럼 주도권 잡고 쭉 미는 게 메타라 딩거 일라오이 같은 챔이 좋음. 사이드 주도권 있는 얘들도 대부분 상위 티어고. 카밀이면 선체파괴자 어떰? 요즘 선파 올리면 타워 그냥 순삭이라 괜찮을 거 같은데,0
감독 3 선수 7,0
감독이 게임 내적으로 관여하지말고 구단운영에 중점을 두면 그게 전력에 보탬되는 감독임,0
팀의 방향성을 잡아줄수있는정도 결국 선수가 100% 단 팀에 과하게 관여해대면 -가 될수도있음,0
다전제와 2라운드는 감코 싸움.,0
경치먹는거짱나,0
뭐 그것도 있는데 좀 부담스러움 원래 혼자 있는 라인인지라,0
짱깨들 도인비 좋아함 ㅂㅅ 새끼야,1
왜 욕을해,0
보지털년이 돈까스 쳐먹으니가 좋냐,2
조아배빵빵,0
그웬아 빨리빨리!!! 해줘,0
빨리빨리!,0
그웬이 보지에 개처럼 박고싶다,2
예시좀,0
99 98이 머임,0
롤 fm 스텟,0
밑에 롤 FM 유출 찌라시,0
누가 캐리를 해서 우승을 해..?,0
경기 안본 좆병신 유입임?,1
그저 열등감ㅋ,0
바텀에서 잠구는 픽하고 받춰주잖아 픽도 진 애쉬 세나 이런 거 하고,0
그저 대버지 그자체니까,0
테버지겠지,0
고버지의 딜링에는 감동이 있다,0
너무 좆급식같잖아 위에별명은,1
고버스 버스트 잘어울리구만 어울리는데,0
슼갈이 붙여줌,0
슼갈들이 왜,0
그냥 조롱하려고 해버지 + 고스트 합성해서 롤갤에 퍼트렸는데 그게 의외로 잘 어울려서 지금 별명된거임,0
원거리 러 라서,0
해버지에서 나온거 아닌가,0
c9 정글러 블래버 이새끼가 유망주임,0
블래버 앵간 오래 뛰지 않았냐? 18년돈가부터 본거같은데,0
msi때 북체정이라면서 유망주라고 하던데 잘못봤나보네 ㅈㅅ,0
아직 프로데뷔를 안한 '나',0
그만큼 20때 담원 우승하고 유입된 병신들이 많다는거,0
가보자아,0
기대중 ㅋㅋ,0
스맵,0
드레드 수영선수출신이래,0
트할,0
라이프,0
트할 3대400,0
브록사 헬창 아니냐,0
윌러 농구,0
그 두개의 플레이가 슈퍼플레이였음,0
2세트 레드점멸은 아펠 조이 폭딜넣어주고 3세트 신드라점멸은 신드라못잡았으면 겜끝남,0
초바같은새끼가 우승못하는이유임 저걸못해서,0
슈퍼플레이와 트롤링은 한끗라는 말이 있음,0
쟤 남자라는데,0
5년전이니까 그 때랑 다르겠지,0
원래 잼구 연습생으로 들어간거야. 근데 벵기가 존나 못해서 블랭크가 갑자기 주전된거임,0
야해,0
아니ㅠㅠ,0
그웬아 빨리빨리!!! 안해주면 자살함,0
빨리빨리,0
느낌표도 붙여야돼 씨발,1
씹재능충이잔아,0
저가게 어디야? 컴플레인넣고싶은데,0
잭하하하하하핳하,0
역대로가면 기인 이길수있는 탑은 없음,0
금요일임,0
아니 아침에도 금요일인줄 알았는데 또 착각했네 ㅋㅋㅋ,0
범죄자 빨리 해외든 어디든 갔으면 좋겠네,0
맨정신이 최애인데,0
TODAY를 안 찍어?,0
하루하루가 근본이지,0
중국개발이라,0
뭐냐 이건,0
도인비 압도적 압승,0
https://m.dcinside.com/board/leagueoflegends4/5639770 당근 쵸비지 개추좀해줘,0
https://m.dcinside.com/board/leagueoflegends4/5639770 어 그렇네 개추 부탁함,0
https://m.dcinside.com/board/leagueoflegends4/5639770 개추 부탁 ㅇㅅㅇ,0
콩군,0
https://m.dcinside.com/board/leagueoflegends4/5639770 개추요청,0
부두술 ㅁㅈㅎ,0
칸나 크는 동안 뗌빵 이었는데 생각외로 존나 못함 걍,0
칸나도 거물신인급이지,0
칸나 승부처에서 잘함,0
칸나 멘탈이 ㄹㅇ 젛은듯,0
전체 평균이 50점이라 치고 16이 100점이면 17은 90점,0
ms,0
케스파도 없는게 ㅉㅉ,0
라이엇 주관,0
스킨 뭐씀,0
보라색 루인드븐,0
순대 떡볶이에 먹음 소금에먹음?,0
설탕,0
크캣 코뚱잉 민식박중에 누가 제일 잘 함,0
싹다 개못함,0
아펠 드븐 상성 어케됨,0
모든 원딜을 드레이븐이 이김,0
왜케 못 함?,0
같이 하면 좋은 서폿,0
잔나고르는 씹새끼만 아니면됨,1
탑드븐 어케생각함,0
카운터가 너무많음 ㅋㅋ,0
lpl 선수만 있다는데,0
lck도 업뎃하겠지,0
마 기인은 3년계약을 박아버려서 그렇당게,0
병신이여서,1
초비는 근데 선택지가없엇음 슼담젠에 이미 미드가 잇고 아프리카는 기인한테 너무 돈 많이주고 그나마 가려면 농심이나 샌박인데 농심도 피넛리치 돈많이주거,0
태생이 나쁜 사람이라,0
엔티알이 꼴리면 나쁜 사람이다?,0
꼴릴수밖에없는게 ntr임,0
그니가 이유가 멀가...,0
밴픽 짭밥 있으니까 할만하지않냐,0
근데 롤은 할만함,0
즙에서 60살까지 장수 가능할듯,0
lck 선수들을 위해서라도 반대다,0
해도 되고 현장직 떠나서 적당히 얼굴만 비춰도 팬들 좋아죽을듯,0
페이커 코치하면 해당 팀 선수 하나도 안까고 밴픽으로만 억까 뒤지게 할듯,0
ㄹㅇ 병신들때문에 걍 은퇴하고 평범하게 사는게 좋음,1
그냥 은퇴하고 개인방송이 낫지 않나,0
걍 종교임 무시,0
페이커가 롤이고 lck인데 병신 홍대병들 ㅋ,1
8위따리새끼갈련들도 방안빼는데,1
https://m.dcinside.com/board/leagueoflegends4/5639770 즙독 싫어하면 개추좀,0
그림,0
크로커 있잖아,0
플옵탈락,0
오너있고 버돌도 가능성보이는듯,0
버돌은 결국 라스칼 못밀어내서 내년 봐야할 듯,0
오너?,0
오너도 있네,0
구마,0
좀 중고신인 아니냐 ㅋㅋ 주전도 왔다갔다하고,0
덕담,0
개나소나 천점^^,0
https://m.dcinside.com/board/leagueoflegends4/5639770 롤 잘하고싶으면 추천좀,0
9월 30일도 9월이다,0
내생각엔 롤드컵 끝나고 나옴,0
찐,0
쇼메까네 ㅅㅂ련,0
전성기기준으로 하자 페이커 20 20 20 20,0
페이커 라인전이 쇼메 라인전보다 낮다는건 말이 안됨,0
병신찐따새끼들 이딴건 왜만드고노는거냐 ㅋㅋ재밋음?,1
페이커가 쇼메보다 개관적으로 꽤 라인전 위다,0
그러고보니까 롤 fm 언제 나오냐 라이엇이 만든다더니,0
티얀 도인비 캐리 맞는데?,0
둘중에 하나라도 없으면 우승못했음,0
롤판은 16뱅이 저평가되는 시점에서 1옵션우승과 버스들 뿐임,0
빅토르e,0
흐응,0
https://m.dcinside.com/board/leagueoflegends4/5639770 꼴리네 내글 추천좀,0
쿠팡이나 쳐가 애미쳐뒤진련아,0
어차피 감코능력은 여론이 아니라 내부평가라서,0
https://m.dcinside.com/board/leagueoflegends4/5639770 볼태니 개추좀,0
외극도아니고 한국엔 그런사람없다 다 게이임,0
쵸독말대로면 pog 없으면 버스라던데? 뭐지,0
cs 60개 매존야권 써놓고 아닌척 하는것도 좀 웃김,0
8위따리 믿으라고 해봐야 6승2패인에 이번년도만 왱?,0
원래 마지막에 진새끼가 처맞는거 롤갤 종특 아님?,0
아니 인간적으로 8위따리에 플옵도 못간새끼를 왱?,0
플옵도 못오는 무관견들아 제발 발작좀그만해 ㅋㅋㅋ,0
https://m.dcinside.com/board/leagueoflegends4/5639770 네 말이 맞다 내글 개추좀,0
도란,0
걘 이정도까지 아니지않나,0
시즌중엔 이정도급임 쵸비는 대회남아잇으니 아직 산소호흡기 잇는거고,0
17은,0
그때 RNG WE하위호환이자나,0
미스틱부터 이기고 깝쳐야지,0
17도 4강 5세트 막바지에 뱅한테 솔킬당하는 바람에 져놓고 추하게 고열탓함,0
ㄹㅇ 돼지열병 ㅋㅋㅋㅋ,0
닥 페이커인데,0
정신뱡원이나 가,0
그 나이,0
작년 서머부터 맛 감,0
지금 제5의전성기 왔는데 먼소리고?,0
슼 때려잡을때 갑자기 치매와서 존나 잘하더만,0
cs 안먹어서 손이 놀음,0
걍 바텀이 벌레들임. 하나는 cs에 미쳐서 자기지키라고 하고 피지컬은 좆도 후달려서 미드보다 딜못박고 하나는 운영한답시고 라인버리고 로밍가고 오더하는데 저러지오더. 게임은 미드가 운영하고 탑이 스플릿돌고 나머진 아가리닫고 시키는대로 하는게 맞다,1
반반만 가도 원딜 ㅅㅌㅊ임,0
논타겟 정확도가 너무 떨어져서 때려침,0
데미지너프오지게당해서 별로일걸,0
롤잘알,0
그냥 머리달려있으면 누구나 아는 상식인데 감코 예찬하는거보면 웃김 ㅋㅋ,0
뭐든지 형식이 중요해 잼민아,0
"팀을 갖추고, 코칭스탭을 갖추고, 숙소를 갖추고, 멤버를 갖추고, 유니폼을 갖추고 이게 다 그딴게 뭐 필요함? 그냥 잘하는 5명 경기날에만 모여서 하면되지 이러면 누가 그걸 하나의 종목으로 인정해주고 투자를 해주냐?",0
구실만 갖추면되는걸 아무능력없는 감코에 돈투자하는게 웃긴거지 ㅋㅋ 막상 선수는 폐급으로사오고,0
근본 브금 그립네,0
제드 개추억이네 ㅋㅋㅋ,0
응 원랜디 롤체할거야,0
일단 서머 결승 하고,0
다음주 화요일,0
결승 끝나고 사흘쯤 뒤에 바로함 한화VS샌박으로 시작,0
그래도 빨리 하네,0
아프리카는 아님,0
한화-샌박-농심+@,0
@는 뭐임ㅋㅋ,0
젠지 or T1,0
T1은 롤드컵 확정인줄 알았는데 아닌가보네,0
@에 들어가기만 해도 플레이-인 확정임 슼 우승시 젠지 시드결정전 해야됨 담 우승시 슼 시드결정전 해야됨,0
31일 시작,0
ㅇㅇ 룰러가 문제임 결국 젠지전 보면 다 룰러만 보는데 결국 폭사해버림 라이프가 차라리 질리언을 해야할 듯ㅋㅋ,0
그냥 전체적인 문제임,0
룰러가 뭔 문제임 그건 진짜 롤알못인데,0
대깨찢 만났어?,0
걔가 가는팀이 우승을 못하는거임 뱡신아,0
누가 가든 상관은 없는데 농>샌>한이지 뭐 서머 폼으로는,0
롤갤 웃기려면 한화가 가는게 맞는데 실력은 농심이 압도적같음,0
농심이 다전제 2판을 연속해서 못이김,0
아니 한화,0
농심에 이세계 페이커랑 롤드컵 청부사가 있는데 다전제 2판을 어떻게 못 이김,0
역체롤이지,0
원숭이한테 노예취급받을정도로 버러지 지능 아니면 누구나 다 인정할수밖에 없음,0
인거같다는 뭔 개소리냐 당연한건데,0
뇌절그만해,0
기인이 플래이메이킹이 저렇게 높다고? 대가리 딸하는애가?,0
기인도란이 라인전 18인데 칸나가 19인게 말이되냐,0
ㅋㅋ코미디,0
헛소리임ㅋㅋㅋㅋㅋ 그냥 잘하는놈이 잘함,0
ㅈㄹ 하고 있네 ㅋㅋ 저 팀으로 ㅈㄴ 못했는데,0
대퍼 - 슼퍼 - 반지원정대 계보잖아,0
그리고 한화나 아프리카가 내년에 쵸비 잡고 슈퍼팀 만들어줄 확률은 아직도 있음,0
짱개에 뛰는 놈 개좆슼이 돈써서 끌고오면 그냥 세계급 슈퍼팀 만드는거지,1
상대가 올ad인데 올cc기 조합이면 하셈,0
마치 월식 철갑궁에 스태락 올리는거와 같음,0
헤르메스 못가는 상황이면 글케 드는게 나을듯,0
킹쁘진않음 헤르메스강인함불굴의의지면 cc기 엄청잘풀릴듯,0
그웬이 빨리빨리 하는거 귀여워,0
빨리빨리!!!!,0
얼마전 원숭이 하나 탈출했다더만 여깄네. 검거,0
어디서 스트리밍을 해줌?,0
https://www.twitch.tv/lolworldchampionshi,0
오... ㄳ,0
어디서 봄?,0
어디서 하냐구,0
트위치에 lolworldchamionship 치면 나옴,0
정글차이나면 lng가 이김,0
모름 둘다 뱡신이라,0
난 lng,0
리헨즈?,0
리헨즈는 폼 올해폼처럼 저점뚫으면 바꿔야만한다,0
바이퍼가 오겠냐 ㅋㅋ,0
혹시 팀이름이 공군에이스인가요?,0
tpa,0
칸카스,0
무섭노,0
허락햇더니 가위로 팔을 베어버렷노ㄷ,0
ㄴㄱㅁ,0
갈드컵은 뇌절을 넘어섰는걸?,0
급하하하,0
다음패치겠지,0
ㅋㅋㅋㅋ 티어 어디노,0
재밋네 ㅋㅋ,0
존나만져야지,0
빠는게 아니고 페이커 까는 수단임 걔는,0
케스파컵은 페이커보다 많이땀 엌ㅋㅋ,0
말은 똑바로해 뱡신아 어차피 우승못해,1
그웬이가 설쳐서,0
최근 e 너프였나?,0
찾아보니까 e 공속증가 너프 받았네,0
e공속너프 1렙라인전 밎 정글링 떡락 승률폭락,0
e 초반 공속 40이였는데 20으로 너프먹음,0
솔직히 17콱도 슈퍼팀아님 폰도 16썸머 통으로 쉬엇고 폼 내려간상태였음,0
g2 대퍼,0
일단 주도적인플레이가 안되는게 크긴한듯,0
내려칠게 없는데 뭘 내려쳐 뱡신망상증새끼야,0
원탑급 증명해서 무관임?? 이새끼는 지가말하고도 저 문장에서 위화감 못느끼는거 보면 언어인지력이 뇌에서 없는 수준이네,0
파웨에이드,0
프젝,0
언론이 그것도 못한다고 존나 깠는데 비행기 이미 뜨고 있었음,0
일본은 사방팔방 자랑하다가 아프간 현지 일본인도 출국금지 맞고 비행기 회항함,0
ㄹㅇ??,0
ㅇㅇ 자위대 비행기 뜬다고 존나 설레발 치다가 좆망함,1
한국군인이 치밀하게 존나잘한거지? 미사일맞을거대비해서 대비도해갔던데 맞음?진짜 자랑스럽던데,0
이틀전까지 언론들 그거 못한다고 깠었음 몰래 준비해서 후딱 끝냄,0
일본이 빡구친이유가머야??,0
그게 머임?? 먼 작전 있었음?,0
한국군인이 한국도와줫던 아프칸국민들대려왓음ㄷㄷ,0
보임 변신하고 궁써야 궁모션 터지기직전에보임,0
몰루,0
의사소통 문제 때문에 선수는 힘들고 은퇴후 감독으로는 가능성 있을지도,0
리치 24년까지 계약임,0
그럼 농심은 우승은 못하겠네,0
에포트는 안됨 쵸비에고 못이김 피넛이 딱맞음 ㅅㄱ,0
근데 피넛은 약간 팀원을 도구 처럼 쓰는 사람 아님? 쵸비랑 스타일 상극일거 같은데 차라리 에포트는 이해 가긴 함,0
피넛도 ㅈㄴ베테랑이라 메타나 팀상황에 맞춰가는 정글러임 20롤드컵에선 성장형 정글이니까 팀원들 막부린거고 올해도 탑미드가 리치고리니까 본인이 성장하고 보는거지 그리고 어차피 피넛정도 짬 먹은 정글하고도 합 못맞추면 평생 우승못함,0
개 씨발노잼,1
이 드립 기원이 뭐임?,0
시즌초반에 1등할때아님?,0
짤ㄱㅅ,0
아 찐따새끼들은 이런거 좀 끼지마 씨발년들아,1
진짜 꼴잘알은 늑대빰,0
ㄱㅊ 12시되면 다시 올라감,0
젠지가 ㅅㅂ 죶으로 보이냐?,1
응 그래도 진이더좋아,0
ㅈ사기지,0
구버지가 너무 썰어버림,0
니가 챌 1등 찍어도 입터는새끼 안보이진 않을텐데,0
부캐로 골드 많이 놀러가는데 플1부터는 밑에 티어보다 말 없어진거 체감 됨,0
전자면 나도 하나만 줘 할수있지,0
전자가 왜충격임? 당연한거지,0
후자는?,0
전자는 역시 우리형.. 하고 감탄함,0
전자는 멋있는데,0
ㅉㅉ,0
나도 동의하긴 하는데,0
ㅋㅋㅋ 댓글 안달리는거보소,0
다음주에 함,0
맞을래?,0
Zzz,0
착서유 멍청해서 좋아,0
SKT,0
여즘 어디봄,0
그럼머바,0
이거 빙빙 도는거 거리감각 짜증나서 못하겠는데,0
씨이벌...,1
옛날부터 온힛 아니었냐?,0
반대로 말함;,0
온힛 없어지면 주문검이 안터지잖아,0
착취도 안터지고,0
원거리로 바뀐 거임,0
반대로 말했음,0
지금도 온힛인데?,0
반대로 말하ㅁ,0
법원 유죄판결,0
즙한테 소신발언 강요,0
사실 그게 제일 큼. 얘네 이제와서 이성적인 척하는 거 대가리가 봉합된 거보다 성적이 제일 큼,0
그런게 어딨어 ㅋㅋㅋ 그냥 까고 싶으면 아무나 까는거지,0
롤갤은 유죄판결 나오기전에 스물스물 씨맥편 좀 생겼음 ㅋㅋ 방송킬때마다 씹소리를 ㅈㄴ 해댔거즌 ㅋㅋㅋ,0
농심정도면 좋지,0
돈낭비,0
빻갈,0
있지,0
딱 한판있는거야 그럼? 예전처럼 거의 무적이 아니라?,0
4티어는 예전처럼 무적 맞음 강등 되고싶어서 일부러 박아도 안 당하는 수준,0
ㅇㅎ ㄳ,0
그런데 왜 슼에선..,0
솔랭이랑 대회는 다르지,0
롤드컵 고스트는 잘했는데 오히려 쇼메가 너무 무색무취였음,0
무색무취는 아니였음. 신드라 잘해서,0
결승에서 신드라 022인가 032인가 그러지않았어?,0
앤젤 신드라 원툴이였는데 그거 뺏어와서 이긴거임. 걍 저때 미드 신드라 잘하냐 못하냐 차이가 컸음,0
뎊맘은 방잘빼는데??,0
ㅈㄴ 비슷하긴 함 ㅋㅋ 그리고 피지컬 도르하는 것도 비슷한 듯 솔직히 데프트도 피지컬 원툴로만 보면 원딜 중에 최고였는데 결국 그게 끝이었음 끝까지 ㅋㅋㅋㅋ,0
페더열,0
보지묻기전 롤판,1
피글렛은 지금도 저런 성격이더만 ㅋㅋ 젠지 경기 리뷰한거 봤는데 젠지 ㅈㄴ 못한다고 ㅈㄴ 까던데 ㅋㅋㅋ,0
ㅇㅇ 미드그브 유행했었음,0
싼 직후는 누구나 동일한데 언제 다시 돌아오냐는 사람마다 다름,0
그냥 이새끼들임 ㅋㅋㅋ,0
그냥 이새끼들은 밈임 ㅋㅋ,0
쵸독들은 진짜 정신병인 거 같다 내 보기엔,1
아이언맨도 나온다는대,0
로다주가 죽었는데 어케나옴 ㅇㅇ,0
시간여행하면서 다중우주생겼잖아 그래서 아이언맨이 안죽은 우주에서 나온다함,0
나루토도 나오면 좋겠다,0
그당시엔 리볼버나오면 그떄부터 블라디가 패기시작했음,0
솔랭이면 가능,0
대회는?,0
지금 블라디로 하면 갱각 존나 잘잡힐거같은데 ㅋㅋㅋㅋㄱㅋㅋㅋㅋ,0
그땐 케넨이 w선마여서 계수는 높은데 견제가 쎄지않았음 지금은 q선마하면서 짤짤이 맞으면 초반블라디 기분 많이 나쁘고,0
스킬 메커니즘보다는 딜교 메커니즘으로 카운터치는 구도여서 지금은 오히려 케넨이 찢을거 같은데,0
전,0
걍 이새끼들임 드립 기원이 뭐임?,0
젠지 1황소리 듣다가 꼴아박기 시작하면서 약간 비꼬는 식으로 결국 돌고돌아 lck 1황.... 혹은 lck 퍼스트 확정.... 제목 어그로 끈다음 내용으로 젠지 사진 올리고 걍 이새끼들임 이라고 하는 게 유래임,0
씹쓰레기,1
트롤,0
니가 재밌으면 그걸로 된거야..,0
뉴비라니,0
농심 갈듯,0
ㄹㅇㅋㅋ 예전엔 다이아까진 쉽게찍었는데 플레찍기도벅참,0
나이 보다는 승급전 없어지고 점수 개편 돼서 올라가기 힘든 것 같아 전시즌 예티들 플레에서 판수 꼬라박고 있는 애들도 많더라,0
나도 예티엿는데 지금 막 플레찍었음 너무 힘듬,0
나도 예티 마무리하고 프리시즌 다3까지 찍었었는데 플12에서 허우적 거리다가 승격전 뚫자마자 지금 다2까지 올라왔어 곧 다1도 갈듯? 이제 판수보다는 적게 하더라도 안 지는 게임 하는게 나은 것 같아,0
그냥 이번시즌 랭겜이 애미뒤짐,1
17슼 스프링 진짜 폼 말도 안됐었는데 페이커 별 이상한거 다 하고도 막 이기고 그랬었지,0
뱅 18 이후 여기저기 꼴지만 하고 다니는 거 보면 걍 뱅폼 하락이 skt멸망의 가장 큰 이유였던 듯,0
물로켓이라니깐,0
아크샨 딜탱가도 딜 존나 뽑혔는데 깡딜너프먹이고 좀 구려진듯,0
그래도 단단할거같은데,0
8쯤 깎으면 진짜 병신되서 먼저 들가는 챔인거 감안해서 좀 봐준듯,1
근데 사실 그대로 승률 변화는 거의 없을듯,0
대회는 좀 변하지 않을까? 지금은 너무 아예 국밥이라,0
방마저5로 무슨 레오나를 터트려,0
그래도 8렙 레오나가 13렙 딜러들 틀어막는 장면은 안 나올 거 같은데,0
근데 q너프되지않는이상 지금자리 유지할듯,0
스킬셋 좋아서 계속 쓰긴 할텐데 전처럼 무지성으로 쓰진 않을 거 같음,0
레오나 상대로 서폿초가스 좋음 들어오면 q맞추고 e 3타 때리면 피 다 깎여있고 궁까지 뜨면 걍 삭제 가능,0
씹가스 스킬샷 리스크 너무 커서 그냥 브라움 할듯;,0
근데 초반에 레오나 이기면 걍 그 판 이긴 거임 레오나가 게임 내내 칼을 못던짐 삭제당할까봐,0
볼베리신이 아니라 볼베녹턴이다,0
볼베 녹턴도 딱히 이겼다고 보기는,0
궁뽕맛,0
18페이커는 번아웃 온것 마냥 스프링부터 서머 내내 안타까웠음,0
ㄹㅇ 그때 슼이 개팰줄알고 봤는데 즙짜는거보고 괜히 뱅이 존나밉더라 슼갈도아닌데,0
그 때 스크림에서는 개팼대잖아,0
젠첩들이 그당시 날조하는거보면 역겹긴함 말안해도 슼이 결승까지 어떻게 올라간건지 다 아니까 즙짜도 보는 새끼들은 다 같은 감정느꼈는데 우승상대 스폿라이트못받게 즙짜서 민폐라고 욕들었다 이딴날조를 처해대니 ㅋㅋ,0
개인스폰 ㅅㅂㅋㅋ 근데 레이저는 이미 여기저기 팀스폰 많이 하지않았나,0
이번에 롤컵 확정짓고 스폰 들어온 건가,0
가끔보면 프로들 피지컬연습한다고 무리하는상황도 많이나오더라,0
근데 솔랭점수 어느정도 따라가는건 맞다고봄,0
프로들은 점수올리는거보단 걍챔프연습용으로 할듯 물론 잘하면 점수도오르고,0
뭘 낳음,0
탱템 밸류 다 좆쓰레기야 진짜 우르곳한테 개똥인 크라켄이 나을걸,1
시즌초엔 태불방이 다해먹었었는데,0
그땐 애무무같은 개좆쓰레기도 해먹었자너 ㅋㅋㅋ,1
우르곳 템 좋은거 있는데,0
내년에 다 나가고 개좆즙이 우승 한 번 더 할듯 롤드컵은 걍 좆망,1
준우승 없었으면 쵸비 언급이라도 됫을꺼라봄? ㅋㅋㅋㅋ,0
리산드라병신챔이라 못하면 빼도박도못함,1
지금 페이커가 못한다는거냐? 뒤질래 씨발련아?,1
부케 많아서 그래 13년도에 했을때는 다들 못했는데,0
욕먹는거 각오하고 걍돌려,0
나 플래인데 언랭구간 일겜 다 부캐라서 잘하는애들 만나면 솔랭보다 힘듬,0
칼바람하면서 맞는거 찾아보는거도 좋음 거긴 뭐라하는 애들 없어서,0
페이커는 게임 업계라기보단 프로리그업계 아니냐,0
티원전 폼이면 가능,0
페이트가 다전제에서 개좆박긴헀는데 정상폼이면 약자멸지 지리는 놈이라,0
멸시,0
윽 싼다,0
걍 관중있는게 최고,0
킹갓솔ㅋㅋ,0
딜딸에 미친새끼들이라 미카엘'해줘' 시전함,0
현실은 야스오 에어본 처맞고 평타 1대도 못치고 뒤짐 엌ㅋㅋ,0
매좆,1
케빈추,0
윾시 매좆좌 ㅋㅋ,1
이새끼들 뒤에 있는 그림이 더 궁금한데?,0
만화패턴은 아까 념글 올라갔다,0
담원 꺾고 그런말이나 해라...,0
이미 우승횟수로 꺾음,0
솔랭이랑 똑같지,0
전프로가 이기지않을까,0
스멥 마린급이면 2부가 질듯,0
2부가 쳐바름 ㅋㅋ 틀딱새끼들,0
궁금하네,0
젠지 못할 때 여론 씹창났다가 폼 올라오니 lck 퍼스트...jpg <---걍 이새끼들임 하면서 놀던 거,0
그냥 서머초반에 젠지연승할때 딱히 밀밈없어서 그냥 무지성으로 념글올리던거임,0
완전 최초로 가면 스프링에 한체원 논란중에 확실한거 이거 아닌가,0
이거 다른 팀들 폼 ㅈ박을 때 젠지가 1라 계속 이기니깐 lck 희망 하면서 젠지짤이랑 같이 올라왔음,0
원래 젠지 잘할 때 lck 퍼스트팀은 걍 이새끼들임 이걸로 시작됨,0
원조는 한체원 논란때문임 ㅋㅋ,0
한타 잘 안나오면 원래 서폿이 딜 더뽑음,0
시발 어떻게 미포로 마오카이보다 딜이 낮냐고 ㅋㅋㅋ 말이되냐? 마오카이가 딜템도 아니고 서폿에 탱템이네 ㅋㅋㅋ,0
한타 안하면 서폿 견제넣을때 걔든 미니언 쳐야되니까 딜이 안나오지 숟가락 감성으로 말하는거임,0
내가 본 라인이 서폿인데 마오카이 서폿으로 원딜보다 딜 많이 넣은적 한번도 없다 진짜 그리고 한타를 처 안했으면 어떻게 카타가 딜 1등을 해 ㅋㅋㅋ 한타 오지게 했는데,0
ㅇㅇ 사미라는 딜 잘 넣었길레 한타 안한건 아니라고 햇자나,0
씨발 진짜 궁만 쳐쓰고 뒤지라고 해도 궁 쓰면 바로 뒤진다고 평q를 쓰는게 낫다는 개소리나 쳐하고있으니 씨발년이 ㅋㅋㅋ 미포를 쳐고르질 말던가,2
미포로 궁 안쌀거면 미포왜함 ㅎㅎ,0
그니까 ㅋㅋ 개 미친년아니냐고 진짜 피들이 그냥 뒤지던 말던 궁만 쓰고 뒤지라는데 궁을 쳐 안쓰네 병신년이.. 그래놓고 사는것도 아니고 계속 쳐 뒤지면서,1
서폿으로 팀운빨 많이 타서 탑 연습할려고 탑 갔더니 봇에서 개 병신들을 만나서 지네,0
마오카이 묘목이 퍼뎀이라 1랩만 찍어도 누적되면 딜 ㅅㅌㅊ로 나옴,0
근데 사미라보니까 그건 아니겠노 ㅎㅎ,0
딱보니까 카타때문에 못 넣었구만 넌 니가한 게임인데도 이해가 없냐,0
내가 앞에서 먼저 들어가서 다 휘저어주는데 왜 딜을 못넣냐고 ㅋㅋ 씨발 ㅋㅋㅋ  헤르메스에 가갑에 정령의형상 올리고 앞에서 존나 비벼줬는데,1
그리고 아무리 딜을 못처넣어도 진짜 싸울때마다 시작하자마자 바로 처 짤리는거 아닌 이상에야 서폿보다 딜을 못넣을수가있는거냐 원딜이? 40분게임인데 9천딜 말이됨?,0
시작하자마자 맨날 처 짤리는거면 저 새끼 손이 문제지,0
넌 피들 아우솔 있는 상황에서 카타사 딜을 저만큼 넣었는데 느끼는 바가 없냐?,0
카타가 맘 놓고 설칠 상황이 됐다는 뜻이기도 하고 잘 컷따는 뜻이기도 하지. 카타가 잘 컷으면 니가 먼저 들어가기 전에 카타 위치부터 살피는 게 맞지 않냐?,0
트린다 카타 둘 모두 상대 저지선 무시하고 물몸 잡아내는 데 최대로 특화된 스킬샛을 가지고 있는데 니가 먼저 들어가서 맞아줫다 이게 무슨 말같지도 않은 소린지 답답하다 참,0
저런 애들 상대로 먼저 들어갓다 맞아줫다는 절대 자랑이 아니에요 원딜을 살려서 딜 넣게 하고 싶은 거면 아주 멍청한 소리라고,0
니가 할일은 원딜 근처에서 최소한의 저지선으로서 미포 궁각을 만들어줄 입장이라고. 카타가 들어오면 언제든 뒤집을 수 있는 위치에서,0
그런식으로 따지면 내가 서폿하지 탑을 왜 쳐하냐? 탑 트린 개 말려놨고 앞에서 몸빵 다해주고 말 그대로 카타만 조심하면 되는건데 내가 카타 보면 앞에 카이사는 누가봄? 내가 카타랑 카이사 보면 트린은 누가봄? 뭐 이런거랑 똑같은거 아니냐? 씨발 ㅋㅋ,1
상대 팽이가 2갠데 숟가락이 딜을 어케넣음,0
안맞으면 백화점 못감,0
안맞을이유가 있나?,0
부작용,0
맞으라고 하면 맞고 굳이 지원해서 맞을 생각은 없고,0
안맞으면 이제 사회생활 불가능함ㅋㅌ 반강제로 맞아야함,0
개백수면 안맞아도됨,0
개돼지들 다맞을때까지 안맞음ㅋㅋ,0
대신 기절시간 10초하자,0
대체 바라는 게 많아,0
ㅇㅇ 승률 운지했더라,1
술통 딜 자체는 ㅈㄴ 쎄지긴했는데 아무 의미가 없더라,0
걔네 둘은 진짜 장인들만 써서그럼. 써보면 개 병신챔 맞음,1
신지드 장인은 롤이 아닌 신지드를 하는 사람들이더라 농담 아니고 그냥 기본 상식을 거부하는 챔피언임,0
정글 그브는 q 쿨마다 돌려도 마나가 안딸리던데 정글그브 너프라고 보기는 어렵지,0
정글 그브는 너프아니라고 하던데,0
정글은 마나 안딸려서 체감 거의 안됨,0
니가 인상 마동석급으로 험악하면 걔네도 작업 안침,0
그거 포교지역ㅇ 따로있음,0
근데 그건 웬만한 사회생활하는 성인은 다 아는 건데 누군 가르쳐줘야 한다는 게 문제지,0
니같은백수가뭘아노..,0
티원 3-1 승,0
3:2는 안나올거같고 3:0이나 3:1로 한쪽이 일방적으로 털듯,0
그리고 확률은 담원 승리 60%정도 보고있음,0
ㅇㅇ 티원 3:1승,0
글킨 해보이긴하다  3:2는 ㅈㄴ나오기 힘들거같은데  개좃슼 우승의경우를 그나마예측하자면 3:2?,1
아니 t1이 이겨도 3:0이나 3:1로 이길거같다고,0
내예측은 슼이이기면 3:2전도일거같다는 얘기였음  아마 담원 우승할거같긴한데 잘은 모르겠너,0
개인적으로는 t1 우승 보고싶은데 담원이 더 쎄보임,0
그치,0
"선택하라면 담원인데, 티원이 이겨도 전혀 안이상함. 바텀차이로.",0
운영차이가 담원이 너무 셈 그렇다고 개인기량도 별로 안밀리고,0
배당이 1.4 대 2.7임 3대떡 가능성이 높음,0
그치?,0
담원 압승,0
7명?,0
농심 샌드박스 주전 5명씩 열명 죽여야됨,0
한화팀 3명,0
한화팀 세명 농심 샌박 주전 5명씩 13명,0
시발 머릿수는 채워야할거아냐 ㅋㅋ,0
msi때 psg가 원딜 임대한 거 처럼 세명 암살하고 도란 표식 서폿 한 명 데려가야지 롤드컵 할만함 ㅇㅇ,0
순수실력도르에서도 살라가 더 우위인데 비교가 잘못됨,0
https://m.dcinside.com/board/leagueoflegends4/5639953,0
템 그따위로 갈거면 그냥 룰잔소를 하지,0
그럼 걍 딜감?,0
딜딸리면 크라켄 딜탱이면 신파자나 서리불꽃,0
안나옴,0
아니 못채움,0
집이면 모를까 밟은게 안될만큼 좁진 않은데,0
가능인가 그럼,0
나라 인구가 5천만인거 생각하면 가능,0
넉넉하지,0
50억이여도 남을듯,0
한반도는 커녕 제주도도 못덮어,0
글쿤,0
초반이 힘들지 성장하면 존나쌤,0
한타 때 1킬 먹기 시작하면 파괴력이 아직까지는 대단하니 궁으로 어그로 핑퐁도 되고 몸 뺐는 동안은 무적이고,0
탈레반은 공군이 없다 게이야..,0
바텀 202 202인데 030하는탑만가서 다말아먹어,0
이기는 라인만 가면 지는 라인 안풀어줘서 망햇다 하고 지는 라인 가면 갱승으로 죽고 왜 좆망한 새끼 케어해서 이기는 라인까지 말아먹고 겜망치냐고 함,1
하 ㅠㅠ,0
정글 해보면 은근 바텀에 동선이 잘 안가게 됨 2명이라 와드도 잘박혀있고,0
다이브각 진짜 한두번이아닌데... 하아... 탑포탑이 먼저밀렷어,0
계속터지니까 더 안가지 망한 라인을 왜가,0
그니까 망한라인왜가주는거... 나랑 친구랑 개터는데...,0
롤 원투데이하노?,0
그렇네? 너 똑똑하구나?,0
망한라인 가봤자 같이 죽는데 왜감,0
그니까 왜가줄까... 나있는 바텀와야지...,0
된거아님?,0
자야 궁뎀지랑 큐 그대로던데,0
그건 니가,0
Na scal Pee nut No life,0
체감못하눈 수치니 당연,0
175원 짜리 너프,0
일겜은 챔프 연습하러가는곳 그이상이 아니다,0
이게 맞는듯 랭겜하듯이 하려고하면 개속터짐,0
일반도 mmr마다 다르지,0
그때 그리핀 12연승 도중에 젠지 아프리카한테 2연패쳐박고 하락세 타고 있었던 때라 압도적 그리핀 우세 아니었음,0
그리고 담원은 스프링 우승에 작년 롤드컵까지 우승한 팀인데 18서머 준우승 18롤드컵 가지도 못한 그리핀이랑 같냐,0
근데그때 킹존 슼이 워낙 명경기에 페이커폼이 좋아보여서 이긴다는사람 많았는데,0
19스프링에 lck 감독들 결승 예상한 거 보면 슼 압승이었음,0
그때 슼이 정배였음,0
대리가 자랑이다,0
역전낼상황이 많아짐 쉽게 포기함,0
시야 서폿 혼자 잡음,0
1000억 가지고 그정돈 하겠지,0
물로켓 뿅망친 가능,0
롤드컵우승아니면 안해줄듯,0
라코에 뭘 기대하지를 마라 ㅋㅋ,0
걍 나 고딩때 반애들이랑 내전할때 잔소리들으면 위축되서 더 안되더라..,0
ㅇㅇ 그런느낌임,0
라스칼만이 아닐텐데,0
빅토르는 탑챔이지,0
비전반응봐라,0
그건 니가저능아라,0
엉님,0
김일성,0
상대에 세나 서폿 나오면 걍 개꽁승이라 ㅋㅋ 챌린저도 세나서폿 싫어하던데,0
씨발이네,1
롱소드 하나들고 리븐반피 원콤내는게 말이안되네 ㄹㅇ,0
큐를 아크샨쪽에 긁었어야지 ㅋㅋ,0
시발 아크샨 저 시발챔은 진짜,1
둘다 좆밥으로봄,1
미국눈엔 다 졎밥이디,1
다른건몰라도 육군은 한국이겠지,0
그걸 선수마다 조율하고 자신을 제어할 줄 아는 게 감독의 기본 소양인데 정답이 없다는 건 물타기지,0
나이도 같음 쵸비 16페이커 쇼메17페이커,0
걍 외울려 하지말고 하다보면 자연스럽게 알게됨,0
뉴비인데 일반겜 가지말고 ai중급으로 연습해야하냐?,0
일겜해라 어차피 다 고만고만한애들 만남,0
아이템 효과는 아는데 뭐에 체력 붙어있고 마나 몇 붙어있고 이런 건 모름,0
미국이 아니라?,0
ㅇㅇ 내년으로 미룬게 끝이래,0
근데 그런 애들이 고의트롤하는 건 거의 못본 듯,0
롤을 못해서 문제임,0
오늘만해도 우리팀 닉 티원단새끼가 딜포터잡고 버스타면서 전챗으로 아가리 존나털길래 마지막에 존나욕했는데,0
도와줘,0
커피!,0
게토레이가 나트륨덩어리라 커피보다 몸에 안좋음,0
헐 몰랏쪄,0
페이커 같은 상징적인 애가 불평해도 하는 척만 하고 다시 고의 트롤 돌아오는 거 보면 모르냐? 얘넨 안 잡는 거 임,0
다들 졸라 아프다 난리치길래 겁먹었는데 별거 없었음,0
1차면 보통 팔만 좀 아프고 말음,0
큐 쿨 돌릴때마다 착취 스텍만 모으는 이기적인 딜교가 꼴보기 싫었대,0
이렇게 성장하고 글로벌 궁으로 어시나 킬 먹기 시작하면 못 막는다고,0
운영 방식 단순한 챔 어렵게 만드는건 자주 있는 일이긴 함,0
갱플 vs 탱커 라인전이 탱커 입장에선 ㄹㅇ 지옥임 걍,0
착취갱플 솔직히 라인전 너무 개새끼야,1
공감한다,0
오늘 1차 맞고 왔는데 2차가 그렇게 아프냐,0
보통 2차때 다들 열나고 어지럽고 그럼,0
2차맞고 새벽에 팔 ㅈㄴ아프고 눈뜨면 머리 허리 팔 골고루 다아픔 근육통때메 머리도 ㅈㄴ아파서 타이레놀 먹고자니까 ㄱㅊ더라,0
나올만함,0
E딜이 말도안되더라 템안떠도 1렙부터 개쌤,0
무조건 나올듯 22 스프링에서 킬 담고 뒤지고 부활한 애들이 투텔로 게임 끝낼 거 같음,0
리바가 공짜라고 ㅋㅋ,0
같이 들어가는걸로 cc 좀만 채워주면댐,0
탑 오공 정글 다이애나 ㅅㅌㅊ?,0
다이애나가 좀 걸리긴 하는데 솔랭이니까 ㄱㅊ,0
그럼 탑 오공 정글판테? 리신? 헤카림?,0
그냥 서폿이 룰루면 개쳐바름,0
같은팀 일때 기준으로 루루?,0
적팀에 미드이렐이면,0
아군 미드이렐이어도 좋고,0
내가 미드 이렐할려는데 팀 조합 뭐일때 미드이렐 할만해?,0
상대 스킬 빼주는 애들이 최고 아닌가 어차피 킬 쓸어담으러 들어가는데 샤코나 알리스타 같은 애들이 전장 한 번 휘저어주면 좋을 듯??,0
라인전 자신있으면 걍 라인전 끝나고 룰루가 올라와서 이렐만 봐줘도 겜 무난히 이길 거고,0
고맙노 고닉이라그런가 착하노 ㅋㅋ,0
그래도 둘다 지키는게 미국이지,0
지금도걍 중국때매 한국안고가는거지,0
돈내라고 하면 알아서 잘 주니까 일본 좋아하겠지,0
그냥 무조건 삼대떡 나올 거 같음 누가 이기든,0
근데 오너가 바론스틸 당하는 건 거의 기정사실인 듯,0
캐년이 강타를 그래 잘썻나? 담원이 스틸 한거 보면 칸이 오른 봉풀주 스틸 조이 별풍선 스틸이라 그것도 미지수일거같은데,0
걍 오너가 존나 잘뺏기자나,0
그것도 맞긴하지  4:6정도인드ㅛ,0
5.5ㄷ4.5 담원우세 느낌임,0
미드가 담원 극우세 라는거부터 니가 개좆힘조견이라는거임,1
페이커 팬이지만 쇼메 msi에서 좆박고 와서 다시 와서 젠지전에서 르블랑으로 보여준거 보면 좆대던데,1
왜 이렇게 요즘따라 나 페이커팬인데 라는 새끼가 많지 ㅇㅇ; ㅋ,0
비에고한태 쳐맞고 따잇 당하다가 젠지 애들이 사이드 안 봐줘서 죽은거 말하는건가 ㅇㅇ;,0
배당 보면 담원이 6.5~7 정도,0
폭탄 목걸이 차다고 생각하고 한번 말해봐 ㅋㅋ,0
미드가 극 우세라고? 미드가 오히려 티원쪽이 이길 가능성이 높은데 뭐라는거야 이새끼는,0
열등감 ㅋ,0
나는 오늘 맞고 왔음,0
아프겟네 곧,0
1차라 나는 별로 안아팠음 첨엔 왼팔 쥐나는 느낌 났는데 한시간 지나니 사라지더라,0
2차가 이제 아프대,0
차피나중되면 반강제일텐데,0
비디디 캡스 더샤이 너구리 동갑 18페이커나이임 얼마안남았음,0
광자쵸,0
정보) 담원팬들과 기아 타이거즈 팬들은 서로 형제팬으로 보며 사이가 좋다,0
1111 ㄷㄷ,0
기엽넹,0
돈 걸렸으니까 대체로 정확한 편이지,0
지들 돈걸린건데 당연히 정확하게 분석하지,0
도박하면 괜히 망하는줄 아냐,0
약배 터질래 됐지,0
솔직히 3대0은 안나올듯 3대1 예상,0
눈나,0
윤수빈은 옛날이나 지금이나 똑같더만,0
응 고쳣쥬,0
민아가 수빈이보다 터치 더 많을껄~,0
담갈인척하는 롤갈,0
서로 전력 숨기고 제대로 안할텐데 뭐하러 함?,0
서로 전략을 감출텐데 뭔 의미가 있겠음 오히려 이상한거 꺼내서 속이려고 하면 서로 머리민 아프지,0
가위바위보 하기전에 주먹부터 낸다고 말하고 시작하는거랑 똑같아짐,0
6할 이상,0
7할임,0
6.5 대 3.5 인듯,0
1.4면 6.5할정도로보는거,0
페이커 팬이지만 라이즈 잠구면 별로 큰 활약 못했었던건 맞는데,0
라고 힘조견이 웅앵웅 ㅋㅋ,1
난 아무렇지도 않던데,0
팔아픈건 다음날이 제일 아픔,0
2차? 나도 곧 맞는다,0
접종 당일은 무리 안하고 쉬는게 권고사항인데 당직이라고?,0
뭐라는거야 애미뒤진새끼가,1
변해라 커져라 쿨너프,0
인간적으로 변이 시발 너무 개좆같았어 아군에겐 공이속 버프 상대에겐 헥스,0
브루저들만 아니면 다 할만함,0
라인전은 상성 심한데 로밍으로 풀수가 있으니,0
날아가면서 써야함.. 못쓰면 리신하면안됨,0
공명은 상대 잃은 체력 비례뎀이라 체력 적을 수록 딜 더 들어감,0
니 손이 카운터다,0
그건아는데 골플 구간 무난하다는 전제하에 뭐 해야하노??,0
맞출 자신 있으면 q선마가 짱이지,0
그래도 w q e선마가 맞다고 봄,0
q상향후 q선마 잠깐 떴는데 맞아주는 새끼가 없어서 결국 w선마로 돌아옴,0
지금 지에지에랑 스카웃폼 좆망이라딱히,1
최근 4시즌 중에 제일 높은 거 같은데,0
일단 힘조견 이지랄부터 니가 뭔지는보임 ㅇㅇ,1
바로 힘조견 ㅂㄷㅂㄷ하는거 웃기네 ㅋㅋ,0
힘조!,0
전라도 까면 통구이 찾는 거 마냥 바로 튀어나오는 거 보니 전라도 맞노 ㅋㅋㅋㅋ,1
한조,0
"슼갈은 페미, 대깨문, 틀딱 이게 맞음 ㅇㅇ",1
버프많이 먹어서 쓰래쉬 카운터이기도 하고,0
블츠 그랩이 너무 강력해서 조커로는 항상 있어왓음,0
게이처럼 포킹하려는 씹새끼들 처단 가능,0
좀더 단단해진 깡통,0
포킹조합 상대로 한번 겜 풀리면 종일 털어먹긴하지...,0
msi,0
아이패드라 오타심함 쏘리,0
간절한사람이 손해보는게임,0
ㅈㅅ ㅎㅎ,0
왜함 버릇 나빠지게 ㅉ,0
사설,0
어디 사설?,0
해외사이트,0
그니까 어디 사이트ㅋㅋ,0
해외 사이트 븅신아,1
사설토토가 얼마나 많은데 시발,1
애초에 외국에서 합법인 롤토토가 bet365밖에 없지않나 우리나라는 그마저도 불법이고,0
그럼 한국인은 bet 사이트에서 배당 못 검?,0
걸수야 있겠지만 걸리면 처벌 받겠지 우리나라는 스타 승부조작 이후로 e스포츠 토토는 싹다 불법임,0
왠만 하면 안 걸리지? 야동처럼,0
ㅇㅇ 우리나라 사설도박이 아직도 ㅈㄴ 많은것처럼 잡기 쉽지 않지,0
스턴 싸개도 못해서 징크스한태 폭사당함,0
빠커는 논타겟 많은 챔프고르면 못하더라,0
신드라 사이드 운영안되서 안쓰는거임,0
신드라할바에 오리함,0
쇼메가 하면 다름 ㅋㅋ,0
스턴싸개로 5인스턴못맞추면 져야함 ㅋㅋㅋㅋ 씹,0
8강에 상대 잡히고 막 환호성 지르지 않았나 지투엿나 누구엿나,0
지투맞음,0
드디어 kt rng붙는구나 싶었는데 ㅋㅋ,0
그 때 마라샹궈 존나 좋아하고 우지 쪼개는 짤 있음,0
롤드컵 전에는 무조건 결승은 갈 줄 알았는데 그룹스테이지에서부터 존나 비틀거리더라 젠지가 안 대줬으면 그룹 딱했을 수도 있음 ㅋㅋ,0
냉정하게 16강 2주차 경기력 쉣이긴 했음,0
키크고 잘생겻는데 공부까지 잘하면 인생 ㅈㄴ살기쉬워지니까,0
그럼 자신없다하냐 멍청아,0
븅쉰아 17때는 결승 갔었어도 인터뷰에 자신감 표현 안했음,0
페이커는 인터뷰할때 빈말을 안함,0
아니 ㅅㅂ죄다 라이엇관계자냐? 스크림에서 나쁘지않은건 니 뇌속의 사실이겠죠,0
인터뷰때 선수가 말을 해도 귀닫고 눈감고 있으니 뇌피셜로 퉁쳐버리노,0
쇼메는 3대 0 으로 이긴다고 했는데 그럼 그건 빈말이냐?,0
스크린 괜찮다는 소스나 갖고와,0
고마어 너의추천으로 쉽게정햇다,0
니엄마랑 폭풍섹스,2
라인비에고 유지력너프먹어서 좆밥임 이제,1
너구리는 유지력이 존재하질않잖아,0
q쿨 늘어나고 라인카르마 뒤지지 않았나,0
해봤는데 라인 카르마 별로다.. 평으로도 쿨 타임 안 깎이고.. 착취 데미지도 쎄지않음..,0
복지 계열이란게 똥닦아주고 그런 거냐,0
지가 카투사나 개꿀보직 같은거 신청해서 붙은거 아니면 갈만한데,0
닷지 절대 안한다는 마인드로 겜하면 알아서 닷지 해주더라,0
탑은 플레이가 정신병자지 채팅은 잘 안침ㅋㅋ 근데 채팅까지 칠 정도면 싸움대상이 잘못했을 확률이 큼 ㅋㅋ,0
흰수염을 무시하네,0
오야지는 ㅇㅈㅋㅋ,0
좆피스 하늘섬이후로 안본지 존나오래됐노,1
십ㅋㅋㅋ,0
하늘섬이 너무 좆같이 재미없었음,1
조로,0
조로 간지긴해,0
니코로빈 최근 블랙마리아전 쌉호감,0
니코로빈 섹시해 ㅋㅋ,0
조로 씹간지잖아. 나미는 ㄹㅇ...,0
아무 일도.. 없었다,0
없다면서 다인정하노,0
매력있긴 있는거랑 매력있는거는 다르단말야,0
비디디 챔프폭 뭐가 늘었는데? 똑같지 않음?,0
작년에 응디디 챔프폭 모름? 쓰리챔 포챔 고집하면서 가불기 걸고 아님 말고였는데 비교하면 태평양 수준이지,0
LCK 1도 안봄,0
챗차단을 하셈,0
맞는 말이긴 한데 뭔가 차단안하게 되더라,0
정글인데 뮤트올 안함?,0
그게 맞긴한데 갑자기 나 따라다니면서 괴롭히면 이유라도 알고 싶어서 잘 차단 안하게 됨,0
가끔 정글 오는 동선이라서 무리하게 호응하다가 정글이 어버버 거려서 솔킬따인거 아니면 걍 차단 ㄱㄱ,0
너도 유튜브 해 그럼,0
왜? 최근경기로 비교를 했는데? 객관적인거 원하면 저런거 봐야하는거 아니냐?ㅋㅋㅋ 즈그들한텐 유리하면 객관 불리하면 주관 이중성 역겹노,0
부두술 ㅇㅁㄷㅈ네,0
그정도면걍 fpx월즈각이네,0
페이트 그 새가슴새끼는 왜 끼워 처파는거 다전제 0승따리를 ㅋㅋㅋ,0
미드0판 숟가락새끼가 카시 쳐 박는데 어케닷지를안해,0
라고 애미애비뒤진 급딱이가 웅앵웅,2
역시 살인슼갈 ㅋㅋㅋㅋㅋㅋㅋ,0
^홍어^,1
확률이 낮진 않음 결승에서 지면 시드결정전 준비할 시간 부족해서,0
근데 예선 탈락 이건 다른 리그를 너무 높게 평가하는거고,0
슼 선발전탈락 망상하다 애미보지 찢겨진 개좆난갈 짐승견 ㅋㅋㅋㅋㅋㅋㅋㅋㅋㅋㅋㅋㅋㅋㅋ,1
빈말 많이 하던데,0
페이커가 우승언급한다는거 자체가 지금 슼이 팀상황이 좋다는거임 그냥,0
닌자대전부터 엔딩까지는 진짜 애미뒤진 만화였음,1
ㄹㅇ 로스트 시즌5보다 노잼,0
젠지 카리스 영재인가,0
걍 각라인 ace로 팀만들면 lck하위권정도는 먹을팀 하나 나올듯,0
하위권 먹을정도면 안되고 바로 승격해서 중위권 2년 안에 우승 바라볼 정도의 재능은 돼야지,0
포지션 꼬인거로는 닷지 안하더라,0
플인딱 시작하겠노,0
인방갤 용어임,0
한자로 뜻이 개 음이 견입니다,0
어차피 올해 계약 끝 아님?,0
내년임,0
3년이 이렇게 길었나,0
성대는 이원화라고 해서 분교가 아니ㅣㅁ,0
문과대 이과대가 캠퍼스가 다른거뿐임,0
성대 수원은 본교야 ㅂㅅ아 얼마나 공부를 안 했으면 모르냐,0
성대는 분교개념이 없음,0
지랄마 캠퍼스가 다르면 분교지,0
에효 븅신새끼 페미년마냥 '공부하세요' 이 지랄해야 되냐,1
컨셉이지?? 설마 진짜 모르고 하는 소리겟어,0
성대 이과는 수원아님?..,0
어그로에 낚이는 ㅂㅅ들많노 ㅋㅋ,0
분교 ㅇㅈㄹ 수원캠이 더 뛰어나다 시발아 병신새가,1
해피 그만 괴롭혀,0
내가 해줄게,0
수시로 념글 주작하는 즙독 49.175님이 하실 말씀은 아닌 거 같아요,0
바로 아이디 바까오노,0
주작안하는데 좆급식년아?ㅋ,1
ㅋㅋㅋㅋㅋㅋㅋㅋ 얼탱이가없네,0
존나잘만들었네 ㅋㅋㅋㅋㅋㅋㅋㅋㅋㅋㅋㅋㅋㅋㅋㅋ,0
퀄보소;,0
한시간 동안 만들었노,0
퀄 돌앗네 이야;;;,0
9모를 앞둔 박진혁 ㅋㅋㅋㅋㅋㅋㅋㅋㅋㅋㅋㅋ,0
인하대는 어쩔수없이 탈출해야지 ㅋㅋㅋㅋ,0
그저....^부실대학^,0
ㅉㅈ,0
인사좀,0
걍 이새끼들은 춤을잘춤 ㅋㅋㅋㅋㅋㅋㅋㅋㅋ,0
씨발 이건 ㅈㄴ꼴리는대?,1
이새끼들은 걍 꼴림,0
아니 존나잘만들엇네 ㅋㅋㅋㅋㅋㅋㅋㅋㅋㅋㅋㅋㅋㅋㅋㅋㅋㅋㅋ,0
아 씨발 칼군무네 ㅋㅋ,1
예상하고 들어와서 정색하려 했는데 씹 미치겠노 ㅋㅋㅋㅋ,0
얘네는 그냥 골반을 잘튕김,0
이새끼들은 춤을 잘춤,0
룰러가 제일 잘추는데?,0
씨발 먹던거 뿜었노,1
요즘 젠지 폼좋노 꿀잼이네,0
언론 탄압 멈춰!,0
젠로투 커버 ㅅㅌㅊ,0
출렁의 라스칼 ㅗㅜㅑ,0
이새끼들은 농염함,0
시발 ㅋㅋㅋㅋㅋ존나 현웃터졌다 노잼지가 웃기는날도 오네,1
젠첩들은 이밈 좋아함??,0
몇년만에 밈 생긴건데 봐줘라 슼갈년들아,1
시발 젠첩들 밈 생겼다고 존나 신났네;,1
얼마전만해도 젠첩이 싫어한다면서 미친즙갈새끼들 ㅋㅋㅋㅋ,1
난 재밌네,0
있지도 않은 젠첩 슼갈끼리 싸우고있네ㅋㅋ,0
젠마갤 가보셈 잘 쓰고있던데,0
이새끼들은 허리 놀림부터 남다름,0
2년무관 = ZERO TWO(years) ㅋㅋㅋㅋ,0
제로투가 2년무관을 뜻하는거였노 ㄷㄷㄷ,0
젠첩 씨발련들 몇년만에 밈 생겼다고 존나 신났네,1
혼자 뭐하냐?,0
안쓰럽다,0
안쓰럽노,0
진짜 안쓰럽다 닌,0
그럼 쵸비는 도대체 뭐고 ㅋㅋㅋㅋㅋㅋㅋㅋㅋㅋㅋ 제로무 ㅋㅋㅋㅋㅋㅋ,0
오늘은 여기까지만 하자,0
시발 롤드컵시작하면 젠지 경기나올떄마다 이거 뇌절 볼생각에 벌써 좆같노,1
개꼴려,0
이개끼들은 그냥 허리를 잘돌림,0
여성 호르몬 만땅이노,0
왤케 합성 잘했노 ㅋㅋㅋㅋㅋㅋ,0
ㅋㅋㅋㅋㅋ 개추,0
투신 ㅇㄷ,0
"슬슬 제목 대충 봐도 ""걍 이새끼들임ㅋㅋ"" 나올거 예상된다ㅋㅋ",0
진혁게이 수능 다가오니까 폼 슬슬 올라오노 ㅋㅋㅋㅋㅋㅋㅋㅋㅋㅋㅋㅋㅋㅋㅋ,0
개잘추네 씹 ㅋㅋㅋㅋ,0
유잼지ㅋㅋㅋㅋ,0
이게 제일웃기네,0
혼자 못웃는 근,0
디씨말투를 썼는데.. 왜 근소리를 듣는거지..?,0
젠지갤애들도 웃더라 같이 웃어보자 포항항,0
젠지 간만에 개꿀잼 밈 생겼노 ㅋㅋ,0
합필갤이 되어버렸노 ㅋㅋㅋ,0
걍 이새끼들은 리듬감이 뛰어남,0
이새끼 한동안 안보인다 했다니 몰래 이거 만드느라 바뻣노 ㅋㅋ,0
이새끼들은 그냥 춤을 잘 춤 ㅋㅋㅋㅋㅋㅋ,0
팀합 이거의 절반만 맞췄어도 이미 롤드컵 들었겠다ㅋㅋㅋ,0
이럴 줄 알았노,0
야이 씹ㅋㅋㅋㅋㅋㅋ,0
좀 지겨워졌었는데 이건 재밌네 ㅋㅋㅋ,0
9모진혁 ㅋㅋ,0
걍 이새끼들은 춤을 잘춤 ㅋㅋㅋ,0
1년중 가장 고점 9모의 진혁 ㅋㅋㅋㅋㅋㅋㅋ,0
얘네는 걍 춤을 잘춤,0
젠지 재밌어진다?,0
이새끼들은 틀에넣고 찍어냈냐?ㅋㅋㅋㅋㅋㅋ왜케 얼굴이 다 똑같아지냐 머리스탈이랑,0
이 새끼들은 걍 춤을 잘춤,0
제목도 이새끼들임 ㅋㅋㅋㅋㅋㅋㅋ,0
너무 내용이 예상돼서 아쉽,0
진혁이 어허,0
이건 퀄이지려서 개추,0
꿀잼지는 개추지 ㅋㅋㅋㅋ,0
얘네는 걍 폼이 오짐,0
뇌절해서 좆같았는데 웃겼네ㅋㅋㅋ,1
걍 이새끼들은 색기가 넘침 ㅇㅇ,0
수능이 다가온 박진혁 ㅋㅋㅋㅋㅋㅋㅋㅋㅋㅋㅋㅋ,0
대 진 혁,0
해체될때 쯤 되니까 꿀잼이네,0
솔직히 1부가 진짜꿀잼 ㅇㅇ,0
진혁씨 바로밑에 님이 어그로 끌어서 제 글 조회수 낮잖아요,0
ㅇㅇ ㅋㅋㅋ개좃슼갈들 ㅋㅋㅋㅋ 돈걸라면 못걸죠?ㅋㅋㅋㅋㅋ,1
토토충임? 니 인생을 살아 병신련아,1
ㅇㅇ아닌유동수준 ㅋㅋ,0
와 인생씹창새끼 힘죠!,1
부들거리는 병신엠생 어서오고,1
라고 힘조견이 애미뒤져서 웅앵웅하盧,2
근데 배당이 어떻게 3배가 나오냐 ㅋㅋ,0
야 18msi때 rng배당 4가 넘음 뱡신아 ㅋㅋㅋ,0
"솔직히 난 좀 불안한데. 역대 악역, 역대 스파이더맨 다 등장시키면서 90~120분 안에 몰아 넣는다고? 이것도 저것도 안 될 것 같은데",0
크아아악,0
"데뷔하고 4강 갔는데 다데한테 참교육 당함, 그리고 그 다음 섬머에서 우승",0
롤드컵도 그해에 먹은거?,0
다데가 아니라 마타한태 존재감 지워졌는데 나대노 병신이 ㅋㅋ,1
데뷔시즌 ㄴ  데뷔년도 ㅇ,0
스프링은 못먹,0
데뷔하고 3위 그담시즌 lck우승 그리고 롤드컵우승,0
데뷔하고 스프링 3위 / 섬머 우승 / 롤드컵 우승,0
방송켜,0
즙은뭔데 ㅋㅋㅋㅋ,0
아리아데스요는 ㄹㅇ ㅋㅋㅋ 라임 존나 찰 짐,0
소리에게돈,0
하세기,0
뇌 꺼내드릴게요,0
어묵우동... 고춧가루 풀어서... 국물이 캬,0
세릴다 ㄱㄱ,0
사겨,0
질문하면 바로바로 대답해주던데?? 다알바자나,0
18슼은 페이커빼고 사람이없었다,0
4시병신아,1
음향 장비 점검으로 8시에 시작할듯,0
lpl 경기는 엥간하면 6시에 시작한다고 생각하센,0
담원도 5꽉 갔지 걔네,0
메이저리그 최초 플레이인 탈락,0
전혀 걍 개쳐못함,0
좆장애인팀임,1
작년이 웃음벨이었지,0
5꽉까지 가서 플인광탈,0
제일 잘하지 라인전이 오히려 좀 불안하고,0
국제전 통할지는 증명된게 없어서 롤드컵을 들어올릴 그릇인지는 모름 그대로 나름 강한편이긴 함,0
스크림은 누구 피셜임?,0
슼갈 뇌피셜,0
누가그럼,0
ㅋㅋㅋㅋㅋㄱㄱㅆㅇㅈ,0
자꾸 이걸왜쳐믿는거임?,0
슼갈: 스크림에서 쳐발랐대ㅎㅎ 섴희: 저희가 언더독의 입장..,0
유입인가 보지 페이커 평생 인터뷰 이렇게 해왔는데,0
근데 페이커 평소에는 걍 열심히 하겠다 이정도로 갈음하는데 계속 우승언급하는거보면 확실히 자신감은 있는듯,0
뭔 걍 열심히 하겠다 이정도로 함? 항상 자신감 넘치게 인터뷰 했구만.,0
작년에 클로저한테 밀렸을때랑 올 폼에 돌림판으로 자신감 떨어졌을때 빼곤 항상 저정도로 인터뷰 했음. 유입인가?,0
올 시즌 내내 우승언급 한번도 안했다 그냥 열심히 하겠다 이렇게만 말했지,0
그니까 양대인 김정수 있을때 그런거고,0
슼갈보고 기대도 하지말라는 힘죠견말에 반박댓글 남겼더니 개소리나 쳐하네 약시 힘죠!,1
뭐래노 ㅋㅋ 슼갈들 뇌피셜로 스크림 개팼다는 개소리에 한말인데 ㅋㅋ,0
기대 하지 말란말 한적 없는데?,0
정글 던져도 이길려면 한라인이 한 10킬쯤 먹고 괴물 되던가 전라인이 라인 주도권 잡고 간간히 갱승도 해줘야함,0
변신 wr로 r범위 늦게표시되게 만듬,0
고리 욕하지마라,0
삼일한 ㄱ,1
니애미한테하셈,1
아들한테 삼일한 당하면 혈압 오름,0
모든음식에 버터발라버려,0
효과있어??,0
ㄴㄴ 개소리임,0
앰생짓만 골라서 하면 혈압 오르심,1
Lpl플옵팀들 있으니 걔네랑 하것지,0
걔넨 대회버젼이 달라서 안함 차라리 선발전가는새끼들이랑 하지,0
플업기간에 했겠지 뱡신련아,1
심각함,0
30먹고 장난으로 패드립을 하냐,0
초딩들이 똥오줌 보고 킥킥대는거랑 비슷한 심리임,0
응 골라봐 씨벌련들아지 뭔,1
골라봐 좆밥들아 가 아니라?,1
이것도 맞긴해ㅋㅋ,0
가슴이 시킴,0
이번 유럽팀 ㅅㅌㅊ인데,0
ㅋㄱ,0
현지인탑은 캐리력 없는데,0
아브실골 현지인은 미드고 뭐고 다 5티어니까,0
플까지,0
플 2정도 되면 다이아 싹있는애들은 캐리력 있는애들 꽤 있다,0
망나니 = 갱가는거 자체가 손해인 라인,0
그 라인은 그냥 용와드로 박아놓은 라인 그 이상 그 이하도 아님,0
솔직히 챌게임은 도구가 2~3옵션 된다고 봄 그마아래는 걍 5옵션 혜지맞음 ㅇㅇ,0
그마 첼은 원챔러 제외 다 1티어임,0
거기는 어느라인이든 캐리하면 그판 1옵션인거라서.,0
라고 좜지 빨던 애미뒤진년?,2
힘죠!,0
좆병신같긴 함 ㅋㅋㅋㅋㅋ,1
온클하는데 뭔 배움의기회,0
9월부터는 전면등교 ㅠ,0
ㅅㅂ,0
뱡신,1
니미애반갈,2
급식새끼였노,1
ㅇㅇ??,0
퇴물된지 오조오억년,0
기발들어보셈,0
원래팀원고혈빨아먹는챔이재밋습니다,0
다전제 차이 크지,0
ㅋㅋㅋ ㄹㅇ 감독피셜로 17:3이였나 개처발렸는데 정작까보니까 초반다이브하나도 대처못하고 3:1,0
뇌장착하기 전인데 무력은 존나세서 서로 무지성으로 꼬라박는 스크림에서 강할수밖에 없음,0
이건 근데 그냥 폼떨어진 거임. 플레인부터 하면서 롤드컵 같은 대회 첨 출전이기도 하고 초반에 오버페이스 한거지.,0
인터뷰에서 8강 할때쯤엔 북미팀한테도 스크림 졌다 그랬음.,0
나도 그럼 걔네 앞에있으면 일단 시야가려서 존나 무서움,0
목두꺼워지는거 씨발ㅋㅋㅋㅋㅋㅋ,1
시발 존나 부담스러워,1
담원은 반대가아닌데,0
"근데 20담원은 스크림도 개압도적으로 쳐발랏고, 실제로 결승 우승까지함. 항상 적용되는건아님",0
인터페이스,0
싶으면 강간이 아님,0
니 면상보고 토할듯,0
그럼 갑자기 탈레반 다 사라져서 비행기타고 탈출하다가 두부터진 사람들은 병신되겠노,1
4갠데 게이야,0
그래서 결승 갔노,0
지가 글쓰고 지가 뭔글을 쓰는지도 모름,0
이새끼 찔려서 부들부들~~,0
숫자나 좀 바꿔 병신새끼야 대가리 모자른티내지좀 말자 힘죠,2
3개 ㅋㅋㅋㅋㅋㅋㅋ 숫자는 셀줄 알지?,0
숫자도 못새는게 페까 평균이다 ㅇㅇ 상대를말자,0
숫자도 못세노,0
글지워,0
글삭좀 제발,0
걍 그렇게판수박치기로 올려야 되느거임?,0
그럼다음시즌에복구되낭,0
라고 애미애비뒤진 반고닉 ㅎㅇ?,2
그래서 힘죠?,0
윗새끼들 반박은 못하는게 킬포ㅋㅋ,0
굳이 반박을? 무는 그냥 무인데,0
ㅋㅋㅋㄱㄱㅋㄱㄱ쿨찐납셨노ㅋㅋ 반박 할수가 없지ㅋㅋ ㅈㄴ맞말인데ㅋㅋㄱㄱ,0
걍 에초에 사주같은걸 처믿는 빈대갈 피싸개년들이 많은데 그럴려니해라 좀 ㅋㅋ,2
님 집가도됨?,0
ㄱㄱ 오셈,0
예상해서노잼,0
만나면 무조건 졌을거라고까지했음,0
19롤드컵때 담원이 스크림 지린다고 유럽에 ㅈㄴ 소문났는데 김정수가 SKT는 ㄹㅇ 이길각이 안보였다했을정도니,0
19때 슼이 fpx랑 4강했으면 이길걸? 그 해에 만나서 양학했잖아 리라였나,0
슼이 지투랑 상성이 이상하리만큼 안좋았음 그 해애,0
평소면 이길게임 굳히기 들어갈 게임도 므시때부터 지기시작하고 걍 완전 상성이었음,0
슼이 FPX만난건 20MSC말고 없음,0
애초에 15슼도 프나틱한태 처맞았다고 하고 16TSM도 괴물같은 스크림성적거두고도 조별딱 17롤드컵도 삼성이 skt한태 스크림개처맞았다고 했는데 막상 결승 대떡나고 스크림은 스크림일뿐이지 ㅋㅋ,0
히틀러 예토전생했노,0
제발 꼭 살해당하길,0
변태오타꾸 머래,0
별로임,0
쩔수업어 걍봐,0
사진이 좀 이상함,0
뭔가 섹시 그런 이미지가 아니라 조잡하고 보기 좀 그런,0
ㄹㅇ ㅠ,0
어차피 좆도 의미없는거잖아 걍 순위가 젤 중요하지,1
무관견들 8위하고 순수무력만으로 올스타 3위도르 역겨워서,0
모텔가서 롤챔스틀어놓으셈,0
같이보셈,0
옮기면되지 나도 일요일에만남,0
씨발 옮겨라 결승은 한번뿐임,1
ㅋㅋㅋㅋㅋ 나만 이런 비슷한 생각하는거 아니구나 나도 중요한 경기 있으면 존나 고민하고 약속 미루는데 어지간한 롤창인듯,0
패드립 나올뻔,0
변태오따꾸랑 안놈,0
제발품번,0
혼자봐야겠다.. 개꼴려,0
하 제발,0
칸리드 나가서 공중분해였으면 페이커는 좆도 쓸모없는 전력이었구나?,1
14년도 1부리그 롤드컵 우승팀이 분해된거랑 19년도 4부리그 자투리팀이 분해된거는 차이가 크지,0
ㅋㅋㅋㅋ 그 때 담원이 그리핀 skt 못 뚫어서 우승 못한던디,0
1부리그 우승팀이 분해된 15년은 빈집이라해도 안이상하지만 19년도 4부리그팀 몇개좀 분해됬다고 20년도 빈집논리는 이상하잖아?,0
심지어 분해가 뭐 완전 분해도 아님 ㅋㅋㅋ 탑정글 나간건데 15-16-17까지 슼은 계속 탑정글 바뀐것도 모르나 ㅋㅋㅋ,0
18 ig도 마찬가지 ㅋㅋ 전년도 롤컵 결승 두 팀 삼성 슼 멤버 분해 ㅋㅋ,0
14-월즈 우승팀 공중분해 19- msi 4강 월즈 4강따리 팀 공중분해,0
반지원정대에다가 쵸뎊이 모였었는데?,0
솜몽 뒤질래?,0
애착증<-애미뒤짐,1
전성기때도 존야 쓸데없이 날리는일 많았었음,0
"담원 벤픽 특징이 티어 정리 해놓고 벤 안하면 티어 젤 높은 거 가져오는데 라이즈 벤이 많이 안되기 때문에 오리아나보다 티어가 높은 라이즈를 가져오는 거임. 담원 벤픽으로 보면 지금 ad는 루시안 ap는 르블랑, 라이즈를 1티어로 놓고 있음.",0
씨맥이 나 그리핀 안오면 죽여팬다고 했다 ㅠㅠ,0
숙소같는데 빠따 들고잇어서 도망친거 아니냐,0
쇼메한테 오퍼넣었는데 이미 담원에 들어갔다했대,0
담원 병신아,1
병신 시드결정전,1
대가리 존나 나뿌노!!,0
2일후에하는건 결승전인데 뭔 개씹소리야 잼민아ㅋㅋㅋㅋㅋ,1
106.101 머가리 ㅈㄴ 나뿌노!!,0
슼까 평균 잘봣다 잼민잼민 ㅋㅋㅋ,0
대가리 나쁜건 슼갈 종특이구나!! 많이 화난 슼갈들 귀엽다!! 토요일날 더 화날 슼갈들 기대된다!!,0
물로켓 찌익,0
대가리가 뭐 가상세계를 만들고 그럼? 병원좀 가라,0
뭐라노 병신아 ㅋㅋㅋ 당연히 더 약한팀 고르는 거라고 쫄아서 튄게 아니라,1
걍 둘이 야이애나랑 카운터 존나 한듯 담원은 야이애나 농심때 쓰고 버리려고 농심 고르고,0
젠지 농심은 담원이 티원고를줄 알았다던디,0
낙태ㄷㄷ,0
안락사.,0
소환완료,0
임팩트는 넘었나,0
스맵이 한체탑이라는 머저리들도 있노,0
잘하고 꾸준했던 선수는 맞는데 너구리 큐베 더샤이 마린 칸 등등 스맵보다 훨씬 잘했던 선수들이 많았지,0
일단 듀크한테도 밀렸음,0
롤드컵때 대가리 그렇게깨지고도 듀크한테 밀렸다 ㅇㅈㄹ ㅋㅋㅋ,0
근데 생각보단 스멥한탠 대갈통 덜깨짐 큐베한태 제대로 깨졌지 ㅋㅋ,0
진지하게 듀크가 라인전 단계에서 밀린 건 맞는데 스플릿 미친듯이 돌면서 락스 어그로 다 끌어모으고 운영싸움으로 끌고가서 skt가 4강 이기는데 한축 담당했음. 블랭크는 피넛한테 졌는데 듀크는 스멥 이겼다.,0
위에 말대로 큐베>듀크는 ㅇㅈ,0
농심,0
약간 얼밤느낌이라,0
농심이 웃길듯,0
쇼쵸비페 봐야지,0
카나비가 갱킹형 정글을 못함,0
바이럴씨발련아,1
팩트)감전들면 상대원딜 삭제됨,0
안할듯,0
니 인생보단ㅇㅋㅋ,0
준호야,0
그게 누고,0
에욱,0
이새끼 문장 만드는 능력이 초등학교6학년 수준인듯,0
저 한줄 문장만 보고 학력을 어떻게 아노?,0
니가 소리내서 읽어봐 ㅋㅋㅋ 저게 문제 없다고 생각하는 능지가 대단하네,0
네 다음 빡대가리,0
글쓴놈 이제 초등학교 입학하는듯 ㅋㅋ,0
니 에미는 이제 유치원생 아니노?,11
본인얘기,0
응애응애,0
에휴ㅠ,0
둘다 패이커 상대로 패배 ㅋㅋ,0
에포트까지 롤드컵은 가면 그냥 범인은 G2지 이새끼들만 아니었어도 똑같이 4강 폼 박았어도 결승은 갔을듯 슼붕이 입장에서 담당일진 줘패버리고싶음,0
4강에서 즙이랑 좆포트가 쳐던진거지,1
이렇게 집착힐정도면 사랑임,0
저기구간 1000판넘게쳐박을정도면 이미 재능없는거임,0
없는걸 들고오라니까 욕부터 하지,0
잘하니까 결승갓지,0
상상속에선 잘했다고 씨발 이거임 걍,1
1더하기1이 2라는걸 증명하라하면 친절하게 정수론부터 강의해주냐? 니애미하고 가지,1
잘한장면을 굳이? 그냥 커리어 나열하면 끝인데,0
그게 섹스,1
여유로우니까 하겠지,0
복어를 먹는것과 같은 이유,0
솔직히 존나 이해안되긴함,0
하렘 ㄷ,0
민초루 엄서,0
6시 기기,0
ㅈㅅ 8시부터 댐,0
무지성 브론즈 숟가락대기중!,0
야 나 브1 아디 잇는데 ㄱㄱ?,0
ㄱㄱ? 8시?,0
정확히 8은 아니고 더 일찍올수도 잇고 좀 늦을수도 잇어,0
나 근데 마이크안되는데 ㄱㅊ?,0
웅 갠춘 나 오면 롤갤에 글 쓸게 아니면 디코 줘 아름#8802,0
응!,0
물로켓론 <- 이거 터짐..ㅇㅇ,0
ㅇㅇ 근데 우승 못함,0
내년에 다시 생김...,0
풀주전이면 가능,0
즙새기가 던진게 더 많으니까,0
즙이 던진 건 맞는데 34세트 다 이겨논거 던진게 칸임 ㅋㅋ,0
돌발행동으로 뭐못만들면 겜이힘들어서 한건데 터져버림 ㅠ,0
MSI는 맞는데 롤드컵은 좀,0
지랄좀 적당이해,0
이게 즙북공정? 인정할만한건 MSI하나다 븅신아 ㅋㅋ,1
개쳐발리니까 연연 못하는거겠지,0
그래서 정규 계속 1위..,0
ㅋ 저말 20 담원때 한말인디?? ㅋㅋㅋ 개쳐발리고 롤드컵 우승 LCK 우승 ㅋㅋ,0
그정도면 스크림에서 개쳐발릴만 하겠네 ㅋㅋ,0
이번에도 걱정된다 담원기아!,0
젠지도 스프링결승때 스크림 이겼다고 자신만만해 하다가 대떡당함ㅋㅋ,0
멤버도 갈렸고 맥뚜기들이 점령해서,0
drx갤에서 킹존팬들 배척했음,0
다가오는 느낌부터가 이질적이잖아 ㅋㅋ,0
DRX되고 킹존 레전드 비디디 모가지 잘랐는데 어캐 팬으로 있노 ㅋㅋㅋㅋ,0
팀팬이 어딧어 병신아,1
넛신때매봄,0
시청자 2만 예상,0
너한테는 안줌,0
뭔가 했더니 어그로노,0
17롤드컵 범인도 페이커라고 하는 곳이 롤갤임,0
휴 난아니네,0
ㄱㄷ,0
결승에는 안나오려나,0
못나오지ㅋㅋ,0
내년 주전보장 요구 제대로 하긴할듯 구마유시가 정규시즌 테디 플옵 이것도 좀 어이없긴 없음ㅋㅋ 엎은 밥상을 다시밥 다쳐놨는데 딴사람이 숟가락 얹는기분,0
3:0당하면... 얼추 프론트도 생각할듯,0
담원 브리온 14만 이게 현실임,0
70퍼 증발함,0
당장 담농전 시청자보다 젠슼전 시청자가 2배 이상 많았음 팬 2번쨰로 많은 담원의 플옵경기인데도,0
진지하게 맞음,0
최소 절반이지,0
난 즐겨먹음,0
입냄새나,0
앞머리 까봐야암,0
둘다 ㅎㅌㅊ,0
ㅇㅇ 딱 슈퍼스타,0
걍 즙전성기때는 즙 돌발행동하면 상대가 다 당해주는 물로켓 시절임,0
에햐 뱡신새끼야 느그 무관미드 존나 당해줘서 개쳐맞았잖음,1
똥 많이쌋음,0
옛날에는 돌발행동이 다 슈퍼플레이였지,0
확률이 높았던거임 그때도 라박할때 있었고,0
70프로 성공률에서 20프로 성공률로 떨어짐.,0
ㄹㅇ 하이리스크 하이리턴 요즘엔 피지컬이 떨어져서 손이 머리를 못따라가는듯,0
니야말로 경기는 보고 지랄하는거 맞지?,0
누가 안던졌으면 거기까지 갈일도 없었을텐데 ㅋㅋ,0
이새끼고 경기 안본거 티내네 정작 초중반 굴린거 다 페이커인데,0
ㅋㅋㅋ 3세트 마지막한타는 에포트가 병신같이했는데 왜 칸이 욕처먹노,1
경기 다시보고와라 쌍둥이에서 막을 수 있는데 칸이 대줘서 겜 진거임,0
이 븅신이야말로 경기안봤네 ㅋㅋ,1
칸이 대준게 아니라 이미 4:5구도 나온순간 겜진거야 븅신아 그리고 거기서 안끝났어도 SKT가 개불리했음,1
3세트 다시보고 와 병신아 레넥 카이사 풀피여서 충분히 막는건데 칸이 갑자기 급발진해서 경기 끝났구만,1
안끝났어도 그게임 이미 터져서 졌어 병신아 그리고 잘큰 자야 카밀이 자기집 억제기 앞에서 대놓고 저러고 있는데 안끝난다 ㅇㅈㄹ하네 이씨발년이 게임은 하냐?,1
애미뒤진 즙독년 즙북공정 좆지리게 하네 하긴 팬새끼들이 수년간 작업좀 쳐대긴했지,2
자야카밀이고 지랄이고 레넥 카이사가 풀피로 쌍둥이앞에서 있으명 그걸 어떻게 뚫어 저능아야  그리고 어처피 겜 블리함도르면 4세트 퍽즈 야스오 끊은상황에서 4코어 블라디로 한타 포지셔닝 존병신같이 잡아서 0킬하고 진건 병신아,1
한타포지셔닝은 서폿그라가스쫒다가 아무것도 못한 키아나가 더 폐급같이 못했는데 누굴탓하는거? ㅋㅋㅋ 블라디는 광역딜이라도 꽂고 신드라궁이라도 빨았다 병신아,1
애미 즙한태 섹스테이프라도 뜯겼음? ㅋㅋㅋ,2
이야 뭔 이야기를 꺼내도 즙이야기가 나오는거보니까 어지간히도 못했나보네 물로켓년 ㅋㅋㅋ,1
블라디로 0킬 신드라 궁 빨았다도르 ㅋㅋ 병신,1
인게임으로 반박못하니까 섹스테이프니뭐니 또 갸소리 시작했네 니수준이야 뻔하지,1
ㅋㅋㅋ 우리 주인님은 서폿그라가스 병신같이 쫒아가다가 딜하나도 못넣고 야스오궁처맞고 뒤졌데요~,1
반박을 못하는건 즙한태 애미팔아먹은 느그즙독이고요 ㅋㅋㅋㅋㅋㅋㅋㅋㅋㅋㅋㅋㅋㅋㅋㅋㅋㅋㅋㅋㅋㅋㅋㅋㅋㅋㅋㅋㅋㅋㅋㅋㅋㅋㅋㅋㅋㅋㅋㅋㅋㅋㅋㅋㅋㅋㅋㅋㅋㅋㅋㅋㅋㅋ,2
페까는 패드립이 일상이네 대답할 가치도 없다,0
컨셉으로 그러는건진 모르겠는데 찐팬이면 이러지 않는게 느그 주인님을 위해서도 좋아 ㅋㅋ,0
살인갈새끼한태 들을말은 아니긴하지만 ^^;,0
니 말투만 봐도 평소 인생이 보이네 병신 ㅋㅋ,1
씨발 월즈4강 롤갤하는새끼 95%이상은 봤을텐데 즈그만 본척 씨발 이게 즙독수준인가 누군안본줄아노? ㅋㅋ,1
하긴 주인님 쉴드칠려고 뜬금없이 칸소환해서 두들겨패는 느그인생만할까 ㅋㅋ,0
롤갤하는새끼가 누구인생을 걱정해줘 느그인생이나 챙기지 버러지년 ㅋㅋ,1
지인생 씹창인건 알긴 아나보네 병신새끼 ㅋㅋㅋㅋ,1
즙 쉴드칠려고 칸까는새끼가 페까찾는게 씨발 웃음포인트네 ㅋㅋㅋ 이러니 대통령이 문재인이지 씨발,1
홍어찌릉내나는 새끼 ㅋㅋㅋ 이게 페독수준이지,2
씨발 선수까는새끼가 페이커까는새끼한태 엄근진하는거 왤케 웃기지 ㅋㅋㅋ,1
칸은 잘했는데 바텀이랑 미드가 못함,0
경기 다시보고오셈,0
니 병신같은 논리는 이글에 써진 댓글만 다 읽어도 반박된다고 븅신아,1
여경 라이즈 뻘플 라이즈 롤토체스 니코 쓰로잉 키아나,0
여경라이즈 뻘플라이즈로 게임이 진건 아닌데 칸 스로잉은 그대로 겜 끝남,0
니코 스로잉은 ㅇㅈ,0
롤토체스 니코랑 키아나 쓰로잉은 존나 컷는데 지랄하노 ㅋㅋㅋ 여경 라이즈도 결정적인 장면인데 ㅋㅋㅋ,0
걍 경기안보고 롤념글만 본 티좀 내지마라 니가 롤념글에 페이커 스로잉 모음집만 보니까 다른 팀원은 다 잘햤는데 페이커때문에 졌다 이지랄하지,0
에휴 그경기 다 풀로 쳐봤고 이딴 논란 일어날때마다 가끔씩 돌려보는데 그냥 그 시리즈 mvp가 즙이야 븅신아 ㅋㅋ,1
지랄하네 롤토체스 니코랑 3세트 칸 레넥스로잉이랑 동급이고 4세트 4코어 블라디로 한타 포지셔닝 씹창낸게 결정적 패인이지 뭔 키아나타령,0
제발 경기도 안보고 아는척좀 하지마 병신아,1
그리고 ㅅㅂ 좆포트도 못했고 즙은 그나마 르블랑할때는 괜찮았는데 나머지는 진짜 역겹도록 못함 사싱 8강부터 휴머노이드 그당시 듣보미드한테도 뭔가 미덥길래 불안했는데 아니나 다를까 4강에서 븅신짓만 하길래 존나 좆같았는데,1
4세트????? ㅅㅂ 그때 즙 그냥 폭사당하던거 기억삭제했노 ㅋㅋㅋㅋㅋ,0
저능아 새끼 경기 안본거 존나 티나네 어디서 티나는줄암? 난 디테일하게 인게임 짚어주면서 설명하는데 니는 계속 존나 두르뭉실하게 휴머노이드가 어떻고 롤토체스가 어쩌고 롤념글에서 1557번 반복제생된 내용만 도배하는거에서 경기 안본거 존나 티남,1
두루뭉실이라니 ㅅㅂ ㅋㅋ 그때 4강 4세트에서 키아나로 상대 블루쪽인가에서 쳐물리고 뒤지고 마지막 한타도 퍽즈였나? 어쨋든 쫓다가 야스오궁 쳐맞고 폭사하고 지랄났는데 그걸보고 블라디가 어쩌라고 ㅋㅋㅋ,0
저능아새끼 키아나 폭사도 결국 중간과정에 불과하고 경기를 결정지은건 퍽즈 야스오 끊어서 4대5상황 무조건 한타 이길 스 밖에 없는 장면에서 4코어반 존나 잘큰 블라디들고 한타 좆버리지마냥 해서 0킬하고 뒤진거때문에 진거야 장애인아,1
폭사도르면 3세트 진건 레넥이 제압골드 카밀한테 대줘서 진거네 그럼 병신아,1
"일단 최소 1,4셋은 범인 확정인데 3셋도 뚜렛 라이즈 여경 라이즈에 라이즈 로밍활용하는장면 거의 안나왔고 걍 범인 최소 2순위지",0
4세트가 범인 ㅇㅈㄹ 걍 저능아티내지말고 좀 아난척좀 하지마 저능아야  풀경기는 커녕 하이라이트는 한번이라도 보고 이지랄하는건가,0
뭔 개졷같은 소리야 내가 치매걸렸나 찾아봤는데 그게 마지막 한타잖아 븅신아,1
저능아는 설명해도 말을 못알아듣는 너인거같노 븅신 ㅋㅋ,1
마지막한타에서 엘리스 폭사하는건 안보이지? ㅋㅋ 니말대로면 엘리스가 범인이네 저능아새끼 ㅋㅋ,0
엘리스도 폭사했는데 왜 엘리스는 무죄냐? 저능아샤끼야 엘리스 키아나는 초중반 굴리는 역이고 이미 충분히 할거 다했다  마지막한타 블라디 진입각 2번은 나왔는데 포지셔닝 장야인같이 해서 진거구만 무지성 키아나탓 병신새끼,1
그리고 ㅅㅂ 존나 말 흐리는데 결정적인건 상대 블루쪽에서 쌩지랄하다가 키아나 짤린게 크다고 븅신이냐 그래 그한타는 엘리스 키아나 다 별거못했지 ㅅㅂ 병신아 근데 블라디가 뭘 쳐하냐고 븅신아 ㅋㅋㅋ 아까는 칸이 범인이라던데 말돌리노 차라리 존야쓰고 뒤진 엘리스가 키아나보다는 낫다,1
그리고 ㅅㅂ 포지셔닝 ㅇㅈㄹ하는데 그 한타 자체가 좆븅신같이 걸려서 다들 지랄쇼하는데 뭐 어쩌란거노 ㅋㅋ 그래 칸도 멀쩡하진 않겠지 그때 슼멤버중 한 3-4번째로 못함 니말이 맞다,1
장야인새끼 롤 안하냐? 마지막한타 야스오 뒤지고 미드 억제기 공성에서 오른궁 신드라 eq 다 빠졌는데 상대 3명 앞에서 깝치고있어서 그냥 바로 블라디로 앞잠멸박고 몸니시했으면 최소 상대점멸 3개 다 빼고 그대로 겜 끝낼 각이었는데 저능아같이 백무빙침  그뒤장면 앨리스 물릴때 그때라도 자리 잘 잡았으면 또 몰랐는데 그때도 혼자 포지셔닝 장애인같이 잡고 사망,1
걍 니같은 아만보 새끼들은 아는척을 하지마세요 병신아 폭사타령할거면 4세트 범인 엘리스니까 장애인아,1
설명을 해줘도 못알아듣는 귀머거리 새끼보단 나은듯함 아니 내가 위에 친절하게 써줬잖아 뭐때문에 즙이 4셋 범인인지,0
장애인새끼 걍 좀 뒤져라 4코어 블라디로 뭘하냐 이지랄하면서 키아나탓을 하네 너같읔 저능아들 세계관에서는 4코어반 블라디보다 키아나가 한타캐리력 높나보네 병신,2
롤념글 거리는데 진지빨고 그 장면들 다 치명적인 미스 아니면 뭔데? 그리고 뭐 키아나 엘리스가 뭘잘했는데 23분 쳐보면 그때 골글 거의 똑같음 오히려 g2가 먼저 싸움 쳐거는데 이때 즙 아무것도 안하다는데 칸이 잘비벼서 한타 대승하잖아 ㅅㅂ ㅋㅋㅋ 근데 그후로 또 교전 이기고 바론 쳐먹고 즙 짤리고 블루에서 짤리고 지랄하면서 상황이 넘어감 븅신아,1
이제 너같은 븅신상대로 설명할 자신 없으니 진지하게 자기가 뭘 파악못했는지 3세트 풀로 한번 다시보고와라,1
저능아새끼 승부 결정짖는 마지막 한타 얘기하는데 계속 개지랄하네  중간상황도르할거면 3세트 겜 비벼진건 칸 레넥이 제압골 카밀한테 대줘서 그런건데 3세트 범인 칸 인정하는거냐 병신아?,1
3세트타령하는거보니 4세트 범인 블라디 인건 인정하나보네 병신새끼,1
꼭 저능아들이 좆도모르면서 아는척하는게 문제야,1
4셋은 내가 다 설명해줬고 3셋도 즙이 범인급인데 그걸 너가 찾아보라고 븅신아,1
뭘 설명해 니가 개씹저능아라 블라디 한타캐리력 1도 이해못하고 진입각 1도 못봐서 계속 딴소리하는구만,0
중간도르는 너가 먼저 지랄해서 내가 친절하게 알려준거고요 병신아 그래 칸은 그거 하나 실수했지 즙은 보다시피 롤념글 올라올정도로 임팩트 있는 실수만 아니라 별 좆같은 실수를 존나 많이했어 이제 진짜 간다 ㅅㄱ,1
블라디 진입각이 나왔는데 안하고 심지어 빼는과정에서 혼자 미드달려서 진형 붕괴되니까 한타각이 병신된거지 이걸 엘리스 키아나탁하냐 장애인새끼야,1
저능아새끼 좆발리고 간다 ㅇㅈㄹ  걍 나가 뒤저라 ㅇㅇ,2
병신 즙갈새끼 ㅋㅋ,1
돈가스,0
모밀 세트,0
좋긴하지,0
착서유 안냥 ㅎㅎ,0
란나두 안냥 ㅋㅎ,0
재능없으면 더딜수밖에없음 판수 늘리는게 답임  피드백받고 하루에 롤 10시간넘게 해보셈 안늘수가없음,0
넹!,0
정말 간절히 이기고 싶을 때는 어지간하면 이기는데,0
라코 싱글벙글,0
마지막은 엘리스가 물려서 뒤진건데,0
그거 전에 중간에 g2 3차에서 마타가 그랩 들어가서 그때부터 겜 이상해짐,0
바텀 골렘에서 야스오 짜를때 소리지르면서 봤는데 씹 어느순간 얀코스가 키아나 존재감 지워버리더라 ㅇㅇ;,0
찐이야,0
ㅊㅊㅊ,0
근데 재조합이나 라구에서 얻는건 테두리가 없셈,0
ㅇㅎ글쿠만,0
짭임 그래서 2016 붙어있잖아,0
이런시팔,1
흑인만,0
그래서 밤에부른거ㅋㅋㅋㅋㅋㅋㅋ,0
텔있고 사이드 1대1 이기면 해도되지,0
븅신,1
채길이는 신이자나,0
뇌절이라 씹노잼임,0
젠첩 새끼들이 눈치없이 존나 미는거임,0
잘가라,0
대체 백신을 왜쳐맞노,0
알바하면서 롤갤을 쳐하고있네,0
개씹좆나역겹네,1
햇반각,0
6옵션인데?,0
궁도 못맞추는 저능아들이 수두루빽빽한데 하겠노?,0
이걸 왜 못 맞춰? 사거리도 에반데,0
솔직히 노잼임,0
남자같음,0
남자 아님?,0
나도 그려쥬ㅠ,0
뭐그려줘,0
리산드라 그려조 ㅎㅎ,0
내일 그려줌 ㄱㄱ,0
애미두진새끼라고 욕먹어도 할 말이 없겠네,1
열쇠 맛잇다,0
물로켓 기대된다!!,0
클리드 있네,0
클리드도 마지막에 쳐물려서 강제한타 된건데,0
한턴 더 쓰다가,0
이제알았노 4강탈은 걍 변명할게 없고 실력차이임,0
근데 미드가 젤 잘못함,0
버스가 레전드,0
구단이 돈을 존나씀,0
응 캡스한테 강간당했어,0
조별은 진짜 세체미 포스였음,0
걔 이미 조별 5경기부터 맛갔음,0
스플라이스한테 미드차이 존나 났구만,0
딱 물로켓수준 캡스등장하면 꼼짝못함,0
19 썸머 플옵부터 그룹스테이지까지 폼 절정이다가 프나틱전에서 베이가한테 꼬라박고 폼 나락가지 않음?,0
ㅇㅇ 그리고 4강때 다시 폼올라와서 페이커 잘크고 페이커 캐리하나? 싶을때 큰 실수 몇번해서,0
키아나판이 ㄹㅇ,0
스플라이스부터 맛갔는데 체급차로 이기고 담당일찐한테 넉다운됨,0
4강때도 키아나 판은 페이커 캐리 가나? 싶을때 돌발행동으로 짤리고 겜져서,0
병원으로,0
없는걸 찾아오라 하면 나같아도 화남,0
니가 금붕어새끼라서,0
18페이커,0
18년도 서머,0
지금이요 ㅋㅋ,0
퀸은 잘했음,0
4강 때 퀸 안했어 병신아,1
여경라이즈 와드지우다 짤린 키아나는 존나 잘못임,0
여경 라이즈도 제대로 보면 칸 에포트가 페이커랑 클리드 위치 안보고 들어가서 여경라이즈 된거임 클리드는 땅굴로 들가서 같이 죽고 페이커는 플도 없으니 암것도 못하고,0
그 미드 포탑 앞의 에포트가 게임 망쳣지,0
그런말 백날 해봤자 페이커개인팬이 90 프로이상이라 의미없음 역대 모든 우승은 페이커 캐리인거임 아니라하면 페독들한테 쳐맞는거임,0
굳이 레넥고른 이유는 승률좋기도하고 담원이 자꾸 초반주도권나가는픽해서 다이브당하고 터지니까 그거만 안당하면 된다는 마인드로 한거같은데 자야가 좀 아쉬웠지,0
카이사 오만픽도 오만픽인데 페이커도 못했다,0
님 아직도 있네요,0
사진을 어떻게 찍어둔거야 저게 어디인지도 구별이 안가네,0
공주털,0
와 진짜 살 개쪄서 ㅈㄴ뚱뚱한게 글래머인거마냥 부심부리는거 개역겹네,1
그것보다 물어보지도 않았는데 보지 티내는거 역겹다,1
네다음 118키로 ㅈ돼지라 저렇게 밖에 못찍죠,0