content,labels
좆냥이한테 주먹질 한것도 아니고 존나 개유난이야,1
진심 저게 학대임? 으,0
심기불편한 좆냥이 표정 커엽노,1
코엽긔,0
하루종일 밖에서 돌아댕기는 길좆냥이보다 겨둑 피부가,1
더 더럽긔 웅,0
좆냥잘알인데 저 좆냥이 이쁨받으려고 다가온거긔,1
손으로 막 헤집었을때 안 할퀸거부터 좆간 좋아하는 좆냥인데 불쌍하긔,1
걍 이제 겨둑이 보면 거북하고 불쾌해,0
좆옌은 이미지가 생명인데 훅 갓긔,1
"저 좆냥이 순한것도 맞고, 좆냥이한테 긁혔다고 글 쓰는년들은",1
좆냥이 존나 귀찮게 괴롭힌것도맞긔,1
부천폰팔이 혐이와 양산별창 겨둑이,0
잘어울려,0
일단 저 좆냥이는 겨둑이가 시른거긔 ㅇㅇ,1
아는 쌍도년도 좆냥이 이렇게 만지다가 혼나써,1
맨날 카페 앞에오는 좆냥이 저렇게만지니까 띠니가 야 그만해 싫어하겠다했더니 계속 만지다  좆냥이 키우는 카페사장이 안돼요 안돼 이러면서 이렇게 만지지말라했긔,1
겨둑 좆냥이 빻았다는 온냐들 진짜 빻은 좆냥이봐야됨,2
얼굴 짧고 눈색 털색 ㅅㅌㅊ에 눈 반만 뜬것도 나름 커엽긔,0
저 좆냥이 겨둑이가 소리질러서 도망갈때 털 섰긔,1
놀란거야,0
키우는 좆냥이는 몰라도 길좆냥이는 사납긔,1
이모린 갑질 또터지는거 막으려고 머공 혐애 터트린 것,0
같지 안노 일부러 관심 쏠리는 거 방향 바꾸려고,0
약젠 솜다 코즉 공통점,0
햄버거먹다 사진찍힘,0
약젠은..,0
아가 코즉이 제일 이쁘긔 ♥,0
냥퀴벌레 캣맘충들 왤케 많아짐?,1
봊초년들도 걍 디씨하는구나,1
근데 당연히 좆냥이보단 좆댕이가 커엽지 않노?,1
좆냥이 말도 안 듣고 무식하고 행동도 이해 못 하겠고 맨날 엉덩이 때려달라면서 좆간한테 대딸이나 시키고 기분 좋다가도 할퀴고 깨물잖아 아기땐 커엽다가 크면 역변하고 ㅇㅇ 좆댕이는 좆간을 위해 진화하다시피했는데 말이긔,2
짖고 개걸스럽고 물어서 사람 죽이는건 좆댕이가 더 심한데 괜히 개새끼를 욕으로 쓰는 줄 아노,1
그건 교육을 못 받아서 그렇긔 ㅇㅇ 근데 좆냥인 교육도 안 되는 애물단지긔,1
좆냥이는 눈이 뱀같아서 무섭긔,1
겨둑이 화제성은 아니고 좆냥이를 건드린죄가 큼,1
좆냥이갤 념글 가보면 못생긴 좆냥이 사진 개많긔,1
저런 좆냥이들은 어디서 찍어오는거노,1
근데 고양이 커엽다 솔직히 겨둑이보다 이쁨,0
보딸이 이짤 뭔가 기괴하긔,0
체형 신기하노,0
이 좆냥이한테 겨둑이의 약점을 알려주고잡긔,1
소리지른거 유무 차이같은데 한쪽은 두피마사지 한쪽은 동물학대 ㅇㅈㄹ,0
김치년들 도대체 왜그러냐? ㅋㅋㅋㅋㅋㅋㅋㅋㅋㅋ,1
겨둑이도 사주에 망신살 있노,0
악의는 없는 거 같은데,0
겨둑시녀들아 느금을 보시긔 술쳐먹고 발라당,2
넘어져도 기사 한줄안뜨자노 이게 느금이긔 안 뜨면 저런 오해같은건 애초부터 있지도않긔 저주파가 뜬걸 어쩌노,0
겨둑이 기사뜸?,0
뜨또 실차에 노래3개나 있어,0
겨둑이 갓혐의 싼티+창열이의 망신살을 갖춘 엄청난 봊돌이,1
인간양산,0
좁장수 같은데,0
약젠 그냥 아무사진이나 올려도 좋아요가 700만개긔,0
.....세상에,0
좆냥이 청각ㅈㄴ예민해서 소리지르거나하면안된다며,1
그래서 처맞는거같은데,0
근데 이건 솜다가 약젠 따라했다고 하기도 민망하노,0
보통 원본이 더 나아야 그런 말을 할 수 있는데...,0
밑에 진짜 비위상해,0
근데 눈찢어지고 중안부 길고 좀 존못인 좆냥이가 착하긔 ㅇㅇ,1
눈크고 이쁜년들은 아주 앙칼지고 도도해 ㅇ,0
한남이었으면 하지마해도 계속 박다가 3초찍하게 생김,2
ㄹㅇ스킨십 좆같이하노,1
느금은 개새끼 학대해도 관심도 못받는구나 ㅜㅜ,1
퀸주파 승,0
ㅋㅋㅋ,0
메까반응-두피 마사지 커여워 겨둑반응-저거 동물학대 아님?,0
소리지른거 차이 밖에 없는데 ㅋㅋㅋㅋㅋㅋㅋㅋㅋㅋㅋㅋㅋㅋㅋ,0
저 영상 학대고 뭐고 존나 못배워먹은거같긔,0
아니면 정신연령 미취학아동인 정신장혜인이거나,0
고양이가 코 긁고 도망가야 겨둑이도 기분을 알겠지,0
아니 만져도 이렇게 만지는 걸 누가 좋아해;,0
온냐가 좆냥인데 존나 큰 괴물이 온냐 면상 이렇게 박박 긁고 누르고 문지른다고 생각해보시긔 쓰다듬어주는 것도 아니고,1
겨둑이 덕창에서 개같이 까이노,0
"여연갤 3대 병신이 약젠시녀, 학치커시녀, 느금시녀긔",1
이 좆냥이 겨둑이의 약점을 이미 스캔했긔,1
표정보니까 한번 더하면 코 공격하려고 스캔함,0
느그랑 예고 언냐 뭐 안 뜸?,0
언제오노 다음엔 뭐가 더 뜰지 궁금한데,0
좆댕이 이렇게안으면 허리디스크오긔,1
개념없노,0
근데 왜 딱갤주보다 느그랑이 타격 더커보이긔?,0
딱이는 그래도 대가리깨진 애미들 몇몇은 붙어있는 느낌인데 느그랑은 그냥 애미가 썰물처럼 다빠져나가긔,2
빻순이 숫자가 달라서 그렇대,0
빠는 이미지가 스윗중남이었는데 그 이미지 다 깨져서,0
이 좆냥이 메까보다 스타성 넘치게 생김,1
좆냥이는 묘한 매력이있긔,1
싸가지없고 사납고 그럴줄아는데 키워보면 존나 순하고 행동 하나하나가 사랑스럽긔 뽀뽀하고 만져도 절대 안물긔,0
검은좆양이 뭔가 다 점잖긔,1
검은좆냥이 좋아,1
이년 코를 확,0
존나 큰 괴물이 온냐 박박 긁는다고 생각해봐,0
머갈아 ㅜㅜㅠㅠ,0
지금이라도 겨둑이는 조용한 컨셉으로 수정해주시긔,0
조용한 게 나아,0
좆냥이 표정 보시긔 ㅇㅇ,1
지금 빡친 상태긔 ㅇ,0
근데 좆냥인 원래 저렇게 생겼어,1
겨둑이 하필 좆냥이라서 더 까이는것도 있긔,1
좆댕이였으면 저렇게 안까였긔,1
약젠줌냐 머공이 이기려고 이모한테 발린짤 올리긔,0
이모는 인정인데 머공이는 인정 안하긔,0
당연히 이모는 존예니깐 머공시녀야,0
똥찬이 학대는 쳐맞지도 않고 겨둑이만 쳐맞는거 기괴하노,0
똥찬이는 소리안질렀잔아,0
아가 천사 코즉 사랑해,0
방송하다가 큰일날뻔했노,0
개웃겨,0
뜨또도 키썰렷지?,0
비율도,0
오늘 기분 좆같았는데 겨둑이 천플넘게 쳐맞아서,1
겨둑이 좆냥이가 이랬으면 발로 찼을듯,1
이 씨발새끼야 나 실리콘 튀어나올뻔 했잖아,1
겨둑앰들아 좆돌이 고양이한테 막 대하는 영상올리시긔,1
더쿠 좆돌앰들이 알아서 플 끝내줌,1
잘알,0
고슴도치 이야기 꺼내시긔ㄹㅇ,0
저렇게 만지는년 처음보긴해,0
캣맘 개빠들 보신탕,1
쑹덩쑹덩,0
한남들 재기마렵노,2
느그랑이 느금 뒷담깠다는건 뭐긔?,1
봊친한테 윈노 깜?,1
누가 덬창에 똥찬이 강아지학대도 올려주시긔,0
근데 좆냥이 심통난 표정 커엽긴 하긔,1
포켓몬같아,0
똥찬이 이거 학대맞는게 이거 메컵한상태엿긔,0
시발롬 좆댕이한테 화장품 다 묻혓을듯,1
저 좆냥이 겨둑이 때문에 ㅈㄴ 놀란건데,1
털이 삐죽 섰귀,0
속보) 학치커 스릴라이드 직캠조회수 TOP7,0
좆같은 코즉스크야 1주차 엠카 인가는 리메가 잘나왔고 음중 뮤뱅 코즉이 잘나왔는데 썸네일이나 그날 의상에 따라 달라지는걸로 장작 그만 넣으라고 메댄도 아닌 리메한테 맨날 지랄이노,1
겨둑이가 캣맘인데 왜 자꾸 캣맘을 패세요,0
걍 이쁜 좆댕이가 제일 좋긔,1
좆댕이들은 다 무식하게 생겨서 짜증남,1
갓댕이 커여워,0
겨둑이 좆튜버 추천도 핫게 갔노 ㅋ,1
기분좋긔,0
느그랑이랑 똥찬이 같은 enfp 아니긔??,0
좆냥이 키운지 오년됐는데 이거 빡친표정맞긔,1
쟤 원래 저렇게 생겼대,0
???: 코겨둑 복수할꺼야,0
똥차니 강아지 버둥거리는거봐,0
존나 불쌍해,0
아 ㅅㅂ 겨둑이 준우 추천도 핫게 올라감 ㅋㅋㅋㅋㅋ,0
저건 언제 올라갔노,0
우리학교 좆냥이 보시긔,1
못생겻는데 인기 많긔,0
커엽긔,0
끠자,0
좆같이생겻다,1
이거 겁에 질린 표정맞긔,0
ㅜㅠ,0
근데 겨둑이 좆냥이 존나못생겻네,1
이렇게 빻은좆냥이 처음봄 겨둑이 무죄,1
존나 귀여움 겨둑이가 더못생김,0
줘팸하고싶긔,0
정냐애미들아 지금이 기회다,0
이상황에 느적느하라고 좀 하지마 ㅗ 컴백전인데 장혜년아,2
띤갤 이제 덬창 대놓고 중계해도 아무도 안패는군아,0
핫게 ㅇㅈㄹ.. 아,0
여긴 띤갤이 아니고 라창들 다 남연갤로 돌아갔음,0
그렇게 된지 일년도 넘었어,0
겨둑시녀들이 느금창인데,0
느금이 저러는걸 어떻게 올림ㅋㅋㅋㅋㅋㅋㅋㅋ,0
근데 머갈이는 종이 뭐긔??,0
좆나 커엽게 생김 껴안고 뽀뽀 ㅈㄴ 해주고싶다,0
토이푸들 펫샵에서 데려온 품종견이라고 빻러가 애미들한테 당당하게 밝혔긔,1
푸들인데 털이 왜 안 꼬불거리노?? 나도 토이푸들 키울래,0
미니비숑인데,0
아 푸들 아니잖아 십련아ㅋ 미니비숑 키울래,0
좆냥이 병균덩어리 못생김 주인무시함 왜키우노,1
좆냥이 시녀 ㅆㅎㅌㅊ,1
겨둑이 존나 좋아한다고 괴롭히는 한남유충같아ㅡㅡ,2
prsd오긔,0
저주파 봊초에서 까이는거 보니까 ㄹㅇ뜬 느낌 나,1
저주파가 아니라 디귿춤이 뜬 느낌이였는데,0
안까여,0
진지하게 좆타쉽 봊돌 어류비티 꼴 날것같긔,1
어류비티등 이때까지 좆타쉽의 행보를 보면 답이 나옴 ㄹㅇ 선발머들이 멱살잡을거 같고 악개들판 될것같긔,1
어류엔 윙큡 비스무리한 것도 없잖아,0
개똥찬 머갈이 장난감취급하는거 보시긔,1
이때 뷔창보는내내 머갈이 힘들어했긔 ㅅㅂ,0
씹똥찬 자기 똥기름을 왜 좆댕이한테 묻혀 ㅅㅂ,1
똥찬이 왜 개기름을 좆댕이한테 묻히노,1
와꾸에 기름 많이나오는데 왜저래,0
저 좆냥이보고 빻았다는 언냐들은 진짜 빻은걸 봐야함,1
빻냥이는 보자마자 저게 좆냥이가 맞긴하노 외계생명체 아님? 이 생각들긔,1
ㄹㅇ 이게 진짜 학대아니긔? 도망도 못가게하는데,0
이 좆냥이 걍 야리기만 하고 안 할퀸 것만 봐도 갓냥이야,0
착하긔 띠니엿으면 소리 지를 때 할퀴고 튐,0
스토킹 썰 보는데 ㅈㄴ 무서워,0
메까 영상 보면 좆간 좋아하는 개냥이긔,1
개겨둑이 얼마나 좆같이 굴었으면 저렇게 반응하노,1
ㄹㅇ,0
존나비교돼,0
겨둑이는 왜 눈쪽을 손톱으로 긁노,0
이상해,0
장화신은 좆냥이 같귀,1
코엽귀,0
좆댕이한테 왜 똥을 묻히노,1
좆댕이살려,1
겨둑시녀년들 느금갤로 바꾸려는거봐,2
개겨둑 쳐맞으면 끌고오는거 티나노,1
여기 똥찬 겨둑 같이 빠는년 많던데,1
저주파창년들 말하는게 딱 한남이랑 동기화됐긔,2
똥찬이는 안 까이잖아,0
조딸 대단하노 졸업학점 1.4래,0
최소2점단은되겠다,0
시험 안친거 아냐??,0
지금 이거가지고 학대라는거야?,0
진짜 좆병신들바께없구나 좆냥이랑 좆댕이 와꾸로반죽하는 주인들은 다 학대네,2
약젠 개빻았는데 머공이랑 부비노,2
이 개빻은년이나 어떻게 좀,2
네다머,0
네다 빻젠 머공이가 훨씬 나아,1
봊초에 메겨 비교글 올리는 년들은 누구임?,1
메까 시녀는 아닌거같던데,0
그냥 캡쳐만 해오면 다행이지 다른사이트글로,0
스워도 하는데 ㅋㅋㅋㅋㅋㅋㅋ,0
빻러 좆댕이 펫샵에서 데리고온 품종견이잖아,1
지입으로 븨창인가에서 당당하게 말했긔 그저짱,0
원래 좆돌들 좆댕이 대부분 펫샵 출신임,1
그래서 그걸로 쳐맞았잖아,0
갓댕이였으면 이 사단 안나;,0
걍 귀 쫑긋하고 말았음 좆냥이들ㅇ 예민해서 저래,1
귀여워,0
개똥찬 화장 덕지덕지묻은 빻은 와꾸 들이대는게,1
겨둑이보다 더 심하긔,0
개느금이나 패야지,1
좆댕이 나가고싶은데 허공에 헛발질하는거봐,1
버둥거리는거 존나불쌍해,0
좆돌들 동물좀 물건다루듯 안했으면 좋겠긔,1
누가 본인한테 똑같이 저러면 존나 싫어할거면서,0
못배워서 그래,0
좆냥이는 본능적으로 아는거긔 ㅇㅇ,1
그냥 장난감 취급해서 막 부비는지 ㅇ,0
나는 준우가 애로부부 추천보단 훨 나아보이긔,0
그거보다 나은게 의미가 있노,0
씹ㅋㅋ 효도르 바람피웟나보네,0
06년에 이혼했는데 07년에 오랜여자친구와 애를 낳앗대,0
여니 못생긴 좆냥이한테 악플달고다님,1
좆냥맘충들 부들대는거 재밌오,1
얜 커야운데,0
겨둑이 스타성 보소,0
이건 스타성이라 하기에도 민망하긔,0
띠니도 좆냥이나 댕댕이보면 괴롭히고싶은데 싸패같긔?,1
눈피하는거존나커엽긔ㅋㅋ,0
똥찬이도 핫게에 올려주시긔,0
똥찬이한테도 관심좀,0
겨둑이 팰 맘은 없는데 좀 신기하긔,0
처음 본 좆냥이 저렇게 막 만지는 성인 봊 처음 보긔; 유충도 안 저럴 듯,1
그걸 또 보블에 올린게,0
보통 메까처럼 만지지,0
ㄱㄴㄲ 띠니 좆댕이 키우는데 동물병원 가면 좆냥이 있거든? 딱 메까처럼 저렇게 만지긔,1
좀 애가 정신이 미성숙하고 불안해 보임,0
좆냥이들은 좆간 맘대로 할퀴는데 왜 저럼 안 되는데?,1
좆냥이들 발로 퍽퍽 안 차는걸 고맙게 생각해야지,1
니가 괴롭히니까 긁는거고,0
성깔 더러운 좆냥이들은 골골대다가도 긁잖아 좆냥이 주인들 손등 보면 흉터로 지저분함,1
난 그런 적 없는데?니가 먼저 위협적으로 굴었겠지,0
니네좆냥이가 순한거긔 ㅇ,1
똥찬이학대는 영상으로 봐야된다니까,0
오죽하면 갓파가 머갈이 불쌍하댔음,0
좁 드라마 기사보고 존나 놀람,0
불량감자인줄,0
이 개 존나 불쌍하다,0
개알못인데 개 들때 응디 받쳐줘야하는거 아님?,0
빻러네 개임,0
저렇게들어두됨,0
이 좆냥이 인절미 훔쳐먹으려다 걸린것처럼생겻긔,1
커엽 존나 웃기게 생겼네,0
댕댕이 미용중에 학대 당하는거 보시긔.....uh,0
존나 재밌었겠다,0
씨발새끼 주겨버려,2
왜 좆댕이를 세수하고난뒤 수건으로 쓰는거긔,1
ㅋㅋㅋㅋㅋㅋ 시발,1
똥친년들 나대면 이거 봊초에 뿌려야겟긔,1
씹슴이 10년동안쌓은 봊돌 고급이미지,1
겨둑이가 몇달만에 다 박살내고있노  다크나이트같긔,0
솜다 약젠 다 지지띠니 따라한거잔아,0
조무새들,0
뭔 햄버거 먹는걸로 따라한다 하노,0
메까가 보낸 영상 보니까 예쁜 좆냥이 맞긔,1
이정도면 코숏중에서 예쁜편임,0
언냐들 이거 여혐이긔?,0
이쁘지도 않은년들이 싸가지없게 굴거나 지 자존감 뿜뿜대면서 유아독존인것처럼 하는것 보면 싸다구 원 투 마렵긔..,1
너보니까 또 싸다구 마렵긔 ㅎ,0
때려보시긔 합의안해줄거니까 빌지마시긔,0
언냐 나 또 고민있긔 저번주에 전여친 생식기가 너무 역해서 찼긔.. 헤어진 이유 알려달라는데 뭐라 말하긔?,1
솔직하게 말해 너 생각도 말 못하노?,0
겨둑이 좆냥이한테 냥냥펀치 맞으면 이렇게됨,0
개겨둑 싫어하는데 위에가 더 심해보이는데,0
보적보 오지노,2
❤+❤+일상갤 달리실 분들 남자연예인갤로❤+❤+,0
길냥이들 애처로움,0
좆간한테 만져달라고 들이밀때 ㅠ,1
ㄹㅇ ㅠㅠㅠㅠ,0
개똥찬 컨셉질에 미쳐서 갓댕이 괴롭히노,0
한손으로 들고 저지랄하는거 존나 티나 갓댕이 불쌍해,1
굴림은 돈 누가 벌어다 주긔,0
쿠팡봊은 재기도 안 될 정도로 처참하게 망했던데,1
여메가 팔려가면서 돈벌어다줬겠지,0
에스파 윈터 동물학대,0
똥찬이 여좹이랑 헤어지고 겨둑이랑 사귈 듯,0
갓혐처럼,0
대체 준우는 왜 추천한걸까?,0
아니 근데 여기가 봊초 머나무숲이긔?,0
그냥 지네들이 올리면되지 자꾸 시발 거기 게시판 언급하고 다른곳이야기하노 시발 여기가 커뮤의 인트라넷인가,1
똥찬이는 병크가 너무 많아서 학대는 순한맛임,0
씹슴 무서운게 아직 8월밖에 안됐긔,1
좆돌들 병크 하반기에 주로 터지는데ㄷㄷ,1
언니들 죄와죄 서로 소송걸려고한대,0
살구가 예전에 변기한테 돈빌려준거 안갚아서 소송걸려하고 변기가 퍽퍽이한테 예전에 돈빌려준거 퍽퍽이가 안갚아서 소송걸려고ㅈ드릉중이래,0
가지가지하는군아,0
참ㅋㅋ,0
갈때까지 갔노ㅋㅋㅋ,0
개꿀잼각,0
어디서나온얘기야,0
아 겨둑이 개싫긔,0
주변에 우악스러운 좆간이랑 겹쳐보여,1
메까꺼 보니까 이 좆냥이 개냥이귀 ㅇㅇ,1
대가리 쓰다듬어달라고 애교부리는거임ㅇㅇ 겨둑이가 잘못함,0
캣맘들 약젠시녀급 정병들인데 큰일났긔 ㄷㄷㄷㄷ,1
한 동안 고생하겠긔,0
겨둑시녀 정병난 이유.jpg,0
조딸 앱이 정치한다고 안나댔음 지금 의사면허따고,1
의사됐을텐데 조딸같은 년들 존나 많을텐데,1
언니들? 좋은소식 가져왔긔,0
유충 출산율 최저 찍었긔,1
언냐들 느김치 좆됐긔,1
똥좹 겹치노,0
허언갑 비율 봐주시긔,0
굽있는거 감안해도 개길어보여,0
미쳤노,0
허언갑요즘이뻐짐,0
좆티년들 겨둑이 존나 씹스럽게 돌려까던데,2
겨둑이 저렇게 쳐맞는게 더 신기해,0
예전같으면 씹슴창년들이 다 쉴드쳐줬을텐데,1
숄도 슴창들한테 처맞은거긔,1
좆냥이에 환장한 사람들이 노무 많아서 어쩔수없긔,1
좆냥이 좆댕이한테 왈왈 미야옹 하면서 소리지르는거 진심,1
초등학교 주변 가면 유충이나 하는 짓인데 21살 여성이 하고 있노 털 바짝 선걸 또 커여운 창짓이라고 올리고,2
캣맘을 정신병이라고 하는건 겨둑이를 욕하는것입니다,0
겨둑시녀분들 참고하세요,0
여니 이모 패는년들 볼수록 더 모친년이 되어가고잇기,1
이모 쳐맞을수록 더 지랄떨거긔,0
부디 정신병와도 절대 나가떨어지지 마시긔 갤꼭 붙잡고 있으시긔,0
똥찬이 개를 키친타올로 쓰노,0
지 개기름 개한테 다닦네,0
메까가 만지는 거랑 비교하니까 더 싸패같노,0
메까짤 보면 사람 존나 좋아하는 개냥인데 진짜 얼마나 좆같았으면,1
근데 이건 메까 올려치기가 아니라 ㄹㅇ 메까가 그냥 딱 정상임 한녀 중에 고양이 저렇게 만지는 년 처음 봄,1
비연 이 언냐,0
겨둑시녀갤 갓는데 이러고 있긔,0
아무도 말리는년 없노 ㄹㅇ 여태 메까패던거 겨둑시녀들같기,0
일상이긔,0
저러라고 해 저러려고 빠는건데,0
맨날저러는데 새삼,0
좆냥이 표정 만화캐릭터같긔,0
커여워,0
발로차고싶오,0
종삽이네 푸푸도 그렇고 빻러네 머갈이도 그렇고,0
비숑들이 귀엽노 주변에 비숑 키우는 사람 없어서 딱 한번 밖에 못 만져봤는데 털도 ㅈㄴ 부드럽고 좆댕이 키운다면 비숑 키우고 싶어,1
겨둑이한테 영업당해서 준우띠니 영상보는 중이긔,0
급딱 판창 감성인데 재밌노ㅋㅋ,0
좆냥이갤 전갤주긔,1
요즘 갤주허들높아져서 이정도론 갤주못먹음,0
ㅅㅂ 눈 왜저러노,0
눈 사시야?,0
겨둑이 좆냥이영상 움짤로 만든거 개겨둑 시녀지,1
저건 쓰다듬는것보다 소리 내는게 존나 소름끼치는데,0
좆냥이를 왜욕하노,1
괴롭히는거에 반항도 안하고 소리지르는거에 놀라서 도망가는거 보면 존나 착하고 겁많은거같은데,0
좆냥이 이표정 존나 커엽긔,1
심술낫긔,0
존못,0
솔직히 좆냥이는 할퀴는거 때문이라도,1
저렇게 못 대하는데 신기하긴 하긔 지네 좆냥이여서 익숙한것도 아니고,1
코아픈 진짜 망한거같긔,0
봊연갤에서 스워하는게 잘나가보이는줄 아는 개줌년들만 붙음,1
코아픈 보다 스워 자주 열리는 잦학뿡2느악몽 다 망했노 ㅋㅋㅋ 병신같은 논리,2
혼자 뭐하노,0
려시에 열린 준우 vs 애로부부,0
려시창년아 좀 뒤져,2
런주 샤넬백 봐봐,0
푸푸 근황 궁금하노,0
아직도 그렇게 푸짐할까,0
ㅈㄴ 커짐,0
거기서 더 커졌다고?,0
이번에 메까가 ㄹㅇ호감됏긔,0
웅,0
메까 착함,0
너 나 차단했잔아,0
몬데?,0
어쩐지 시발 살퍽 갑자기 왜 같이나오나,0
했긔 저번에 살구 라이브에 퍽퍽이 방문했던데,0
겨둑이 좆티에서 개쳐맞는것봐,1
댓글수 1000개 돌파햇긔 누가 가서 똥찬이짤도 좀 올려봐 우르르쉴드치실거같은데,0
좆티 띵잦년들,1
니가 올려 왜 남 시키노,0
좆댕이한테 못생김 묻히는거봐,1
코아픈 빠는년들아 코아픈 떡상시키려면 여기서 스워하지마,0
ㅋㅋㅋㅋㅋ코아픈 이야기만 나오면 스워하지 씹 누가봐도 정병년들만 붙은 좆망돌인거 티나긔,2
지금 코아픈플도 아닌데 혼자 뭔소리하는거노,0
ㄹㅇ 여기 코아픈 말하는 년 이년밖에 없긔 병신같아서 웃기긔,2
메까가 정상이지,0
겨둑이가 이상한거,0
느금개 머갈이랑 념념이가 제일커여워,1
느금스워갤의 한줄기빛 념념띠니긔,1
머갈이 역변한지 오래야,0
털이상하게 깎여서 그래,0
밑에가 머갈이 좆기때야??,1
념념 저거 누구개야,0
양노,0
념념 오랜만이노,0
난 모친년 아니지만 이모 안쳐맞았으면좋겟어,1
여니 새끼도 병크있어서 쳐맞는거보면 이입되서 가슴아프긔 특히 이모는 봊돌이잖아ㅠㅠ,1
이래서 쌍도녀들 상대도 하면 안돼,1
무개념들,0
좆냥이 뿌셔,1
똥찬이짤 올라오니까 개 아끼는게 보인대,0
보통 메까처럼 만지는 경우도 드물고 멀찍이서 보거나,0
만져도 메까 쓰다듬는거마냥 살살 만지는데 눈 존나 비비고 미야옹 하는건 신기하긔,0
변살퍽 소송도 뭔 삼각관계처럼 하노 ㅋㅋㅋㅋㅋㅋㅋ,0
살구가 변기 변기가 퍽퍽이 ㅋㅋㅋㅋㅋㅋㅋㅋ,0
소송걸었긔?,0
귀여운거 보면 괴롭히고싶긔,0
꼬집고싶어,0
나도 놀이기구 무서워하는 사람 있으면 롤러코스터에 태워버리고 싶긔,0
이모도 만만한 사람보면 갑질하고 싶대,0
아 순간 강아지한테 감정이입했긔,0
려시에 좆티에 덬창에 가지가지 하노 누가 거기서 패지말래?,1
왜 끌고 오냐고 도대체 ㅋㅋㅋ 뭐어쩌라는거노,0
그냥 일체시키고싶대 저래놓고 지가 빠는놈들꺼 끌고오면 왜 끌고오냐 호통칠걸,0
뭐가됐든 그냥 좆같음 라창년들 전부 가입돼있는줄 아나,1
겨둑이 싫어하는데 이번에 쳐맞진 않았음좋겠어,0
잦돌은 인방 벗방 보는거 티내도 어떤 이슈도 안되잖니,1
겨둑이시녀들 그냥 쳐맞는것보다 메까랑 비교되는게 더 싫은거구나,0
메모해놨긔,0
겨둑이 ㄹㅇ 혐같긔,0
터지는 병크 종류까지 혐이랑 비슷한 류긔,0
코아픈 스워하는거 뿡줌들 같노,0
고릴라앰들 갈아탄거노,0
맞긔 줌마끼리스워하더니 이제 할줌나이되서 손자뻘가지고 스워긔 개토나와,0
당뇨잘알이거나 당 관리하는 언냐들 조언좀,0
식습관 ㅎㅌㅊ라 진지하게 가까운 미래에 당뇨 걸릴 것 같다는 경각심 생김 이제부터라도 좀 관리하려는데 매운음식 짠음식 또 단음식 중에서도 과자 젤리 초코 이딴건 다 끊겠는데 유제품은 못끊겟긔 평소에 탄산 비롯한 온갖 음료수들 오히려 거의 안 먹는 편임 커피도 일년에 두세번 먹을까 말까 근데 우유는 그냥 입버릇처럼 먹게됨 대체품 있음? 처음엔 아몬드브리즈 같은것도 ㄱㅊ? 그냥 생수나 녹차 들이키는 게 답이노?,0
라면갤로,0
우유도먹으면안되긔?,0
내가 남들에 비해 좀 많이 먹는듯,0
아몬드브리즈 ㄱㅊ,0
처음에 잠시 적응시키는 용도로만 ㄱㅊ? 아니면 오래 먹어도 ㄱㅊ?,0
몸무게 46kg미만으로 컨트롤하면 괜찮긔,0
단걸 다빼시고 먹는양자체를 좀 줄이시긔,0
이방법으로 내과의새한테 잘했다 소리들음,0
양 자체는 세미기아수준으로 줄엿는데 메뉴에 신경 더써야겟노 ㄱㅅㄱㅅ,0
더러운년,1
개똥찬,0
메까창년들이 겨둑이 까는거였네,0
느그겨 좆같이도 관심 없음,1
나도 울집좆냥이들 하루한번은 저렇게 만지는데,1
이마 손가락이나 빗으로 긁어주면 골골거림 턱이랑 목 긁어주면 더 좋아서 부벼대지만,0
ㄹㅇ 만지는건 문제없긔,0
겨둑이 성격 이모같을거같애 소리꽥꽥지르고,0
이 글 너무 웃김,0
K-가족 그 자체임,0
겨둑이같은 봊옌들이 많아져야,1
욕 먹는 선을 높여줌,0
메까 시녀들 겨둑이 패는거 살벌하노,0
겨둑시녀들 메까 언제 놔주노,0
겨둑이가 병신 영상 올린걸 왜 정상인 메까가 쳐맞아야대 웅,1
겨둑 이모,0
겨둑이 ㄹㅇ 좆냥이대하는거 한남 그 자체노,2
자기딴엔 냥이가 좋아한다고 착각하고 막다루는거,0
똥찬이짤 좆티에 누가 올렷는데 댓글반응봐,1
겨둑이한테 보적보하는씹창년들 죽엇으면 ㅋㅋㅋㅋㅋㅋ,2
근데 나도 좀 억지라고 생각하긔,0
미친년아 그렇게치면 겨둑이도 억지야,0
겨둑이는 댓글 1000개넘도록 댓글로 쳐맞는중임,0
난 겨둑이도 억지라고 생각하긔 만지는건 ㄹㅇ 문제없어,0
그니까 봊만쳐맞고 저새끼만 쉴드받는게 보적보잖아 병신년아,2
보적보를 내가 했노? 왜 나한테 지랄이야,1
그러면 왜 억지라고 댓글쳐다는데 본문내용은 보족보창년들 죽엇으면좋겟다하는글인데 ㅋㅋㅋ,2
본문 안 읽엇긔 ㅋ,0
좆티 똥친년들 개많은거 모르노?,1
언냐들 느금 진짜 인기 많나봐,0
하이디라오 갔다가 올리브영 갔는데 가는데마다 느금 노래만 나옴,0
패왕 꼬팅 9월에 둘이서 컴백한대 ㅋㅋㅋㅋ,0
할리퀸 조커같긔,0
기대되노,0
좆그로는 끌리겠네,1
패왕 뮤비찍다가 쓰러져서 엠뷸런스 부름,0
음방 기대되노,0
덬창 겨둑이 글 곧 1500플 될 것 같긔ㄷㄷㄷ,0
ㄷㄷㄷ,0
어쩌라고,0
느악몽 이번앨범 예상수익 최소 30억인거알긔?ㅅㅂ,0
멤버당 수익도 최소가 30억 예상이래,0
느꿈 놔줘,0
앨범은 소속사에서 많이 가져가,0
계약 정확히 몰라서 음판 정산 잘 모르긔 근데 십년전에도 음반은 매출로 퍼센트 떼줬음 수익이 아니고. 나쁘진 않을거임 느욘드나 굿즈도 괜찮을거고,0
겨둑이 한번도 비주얼로는 핫게 못갔는데,0
병크로 핫게 가는거 웃창ㅋㅋㅋㅋ,0
봊초에서 그 어떤새끼를 패도 상관없으니까,1
제발 중계좀하지마 거기글 안가져와도 쳐패도 되는새끼들도 굳이 거기글 가져와서 패는거 병신같음 저 고양이도 그냥 패면되는데 어디서 더 쳐맞는다 ㅇㅈㄹ 그럼 거기 가던가 시발년아,2
겨둑이 시녀들 겨둑이 그냥 쳐맞는것보다 메까랑 비교하는게,0
발작버튼 확실하노,0
이모한테 개겨둑 부비지마시긔,0
이모가 참 재밌었나 보다,0
겁나 웃기다 ^^,0
이모도 유능해서 솔로 하면 잘할 거야,0
- - - 잦돌 애미들은 겨둑이 관심 없습니긔 - - -,1
겨둑이 쳐맞는거에 바로 메까 올라오는거 보니까 메까 시녀들이 패는거긔ㅇㅇ,0
겨둑아 츄르도 버려,0
길고양이 츄르 검색하면 주지말란 기사랑 블로그 카드뉴스 한바가지나오는데 엥간하노,0
이 좆냥이 코엽긔,1
코거 아주 미인임,0
겨둑시녀들 ㄹㅇ 정신병같긔,1
겨둑이가 한남짓해서 쳐맞으면 일단 메까대리채 잡음 메까 까면서 겨둑이 빠는갤도 있긔 ㅋㅋㅋ 존나 살벌함,1
뭐만하면 개메까창년 도배시작되잖니,1
볼수록 메까가 정상인이야,0
메주 팬거부터 호감임,0
겨둑이 메까 붙잡고 봊초년들 욕하고 있을거같긔,1
개빻고 할일없는 년들이라고 욕할듯ㅋㅋ,1
겨둑이 영상 링크있노?,0
궁금긔,0
ㅆㅂ개웃겨ㅋㅋㅋㅋ,0
겨둑이 지 코 이렇게 문대면 개지랄떨거면서,0
씨발년,1
코아픈빠는년들 키썰린새끼 비율은 괜찮은거같다는게,0
그렇게 발작할일이노?대체 코아픈 내부에 무슨 일이 있길래 이정도 정병이 걸린거긔,0
걍무시해,0
코아픈 빨지도 않는데 코아픈 스워 심각한거 같긔,0
이년 코아픈글 또 쓰노 얼마 받고 일하긔? 존나 궁금해,0
ㅋㅋㅋㅋㅋㅋㅋㅋ이년은 또 뭐긔,0
언냐 혼자 코아픈 글 맨날 쓰잖아 존나 안궁금한데 ㅋㅋㅋ,0
언냐 작작해 혼자 글 몇개를 싸는건데,0
혼자는 무슨 혼자긔,0
짭판한테 정병붙어서,1
한명이 발작하던데 뭐 정병까지,0
여기 까는글이 한두개야 언냐처럼 다 상대하는것도 첨보긔,0
좆냥이가 욕먹는 이유,1
좆냥맘충들의 윾난,1
슴시녀들은 스워 존나 잘여는거 같아,0
갓칼 숄숙 이모각슬 메까겨둑 존나 뒤지게 싸우거나 한명 나갈때까지 기싸움함 존아 무서워,0
호모 라인업이긔,0
한남유충들도 저렇게 안만져,1
존나 싫다 씹겨둑,1
겨둑이가 좆냥이 영상 올린것도 메까탓이노,1
메까방패 ㅆㅅㅌㅊㅋㅋㅋㅋㅋ,1
덬창이랑 봊초 중계 느학창년들 특기잖아,2
특히 느꿈 인사랑 동북공정으로 개같이 까일때 맨날 여기서 징징거림,0
알계중계로도 갤씹창냄 ㅋㅋㅋㅋㅋㅋ 그래놓고 왜 알계중계하냐고 호통침 즈그애미들이 가져오는건데 ㅋㅋㅋㅋㅋ 그거보고 시발 유입된 급식년들이 가져와도 안쳐맞노 생각해서 이제는 할망글까지 중계하는데,2
메까는 생긴거부터가 비호감인데 개소리하노,0
겨둑이 평소에 츄르 갖고 다니면서 좆냥이 준다매,1
저 영상 왜보냈노 ㅜㅜ 안타깝긔,0
길냥이한테 츄르 주는건 자기만족임,0
츄르멕이고 괴롭혓겟지,0
근데 갑자기 뜬금없긴한데 이론상 호랑이 좆밥아님?,1
기본보호장구와 야구빠따쓴다는전제하에  호랑이가 돌진할때 옆무빙친다음에 대가리 빠따풀파워로 족치고 잠깐스턴일때 안면에 싸커킥꽃음 걍 ㅈㅈ칠거같은데 ㅋㅋ,2
병신,1
내가 싸워봤는데 한대맞고 병신될뻔함,1
개겨둑 댓글 쌍천개 그 어려운걸 해내노,0
좆냥이라서,1
메까가 좆냥이영상 올리니까 지도 따라 올린거잖아,1
또 메까 대리채잡노 ㅋㅋㅋ 누가 좆냥이 학대하는 한남유충 빨랬나 만물메까시녀설 지겹지도 않긔?,2
언냐들 뿡 다음 느금임?,0
인기로 ㅇ,0
셉치 느악몽,0
인기면 임앵웅,0
세븐틴이야,0
뿡다음 cj이지,0
앵웅,0
겨둑시녀들 겨둑이의 모든 문제를 메까한테서 찾을거같긔,0
개겨둑 씹스러운짓은 골라서 혼자 다하노,0
메까랑 겨둑이 성격이 바뀐거같긔,0
와꾸는 딱 반대로 하면 어울리는데,0
ㄹㅇㅋㅋㅋ,0
코아픈 9월말이래 약독대랑 동발,0
초동 60만 예상긔,0
진짜 약코대전이노,0
아까부터 코아픈글만 쓰노 코아픈플로 돌리고싶긔? 누구 빨길래,0
통피잖아 왜 이래,0
통피라도 티나는거 모르노,0
나 일어난지 얼마 안됬고 이거쓸려고 이제야입갤했는데 코아픈개줌아 통피저격뭐노 24시간 감시좀 그만해,0
병신 통피 개념모르노,1
길좆냥이를 진짜 생각한다면 물이나 밥을 싸다가 줘야지,1
츄르 주는건 존나 굶은애한테 과자 주는 느낌인데,0
목 마르고 입병 생기고 충치 생김 애초에 츄르는 집에 사는 좆냥이용이라 길좆냥이는 주면 안됨,1
겨둑시녀들 준우때도 메까팼잖아,0
그거 터지자마자 즈그들 시녀갤인가 파생갤인가 어디에서 메까 존나 패는거 실시간으로 캡쳐올라옴,0
겨둑이 빠는 열정이 거기서 나옴,0
보블 쓰는 것만 혐 닮은 줄 알았는데,0
팬들한테 창짓한다고 한 짓이 논란되는 것도 혐이랑 존똑이긔 혐창 유전자 무섭노,1
한남만 좆냥이한테 장난칠수있노?,1
좆냥맘들 노무 성차별적이긔,2
이날 닝족이가 겨둑이 귀엽다고 보블 보냈어봐,0
실리콘 쳐놓고 소리지르면서 겨둑언니 귀엽다고 보블 보냈으면 겨둑시녀들이 닝족이 개팼을거긔,0
물냐 염색 드릅게 안어울리노,0
흑발만 하시긔,0
겨둑이 저렇게까지 욕먹을 일인가,0
걍 급식 잦동생 보는 느낌인데,1
좆냥이 그냥 겨둑이 손닿는순간 싫어하는데,1
피함,0
이걸 지가 올린것부터가 문제의식 좆도없는거라,0
더 좆같긔 츄르 들고다닌다고 컨셉질하는주제에 좆냥이 만나면 저렇게 괴롭히면서 겨둑이 좆냥이랑 친해지려고 좆냥이울음소리 따라하는거봐 커여워ㅌㅊ반응 바라고 올린게 노무 티나서 역겹긔 진짜 머갈이 얼마나 비면 저러노 개한남같아,2
싸패같아,0
여니가 볼땐 잦돌스워는 ㄹㅇ똥냐들이 존나하긔,1
그새끼들만큼 광기있는 새끼들없음,0
시녀스워는 가위들임,0
잦돌말이야,1
아니 그니까 잦돌스워 똥냐 봊돌스워 가위가 더 집요함,1
겨둑시녀들 겨둑이 빠는 원동력이 메까에대한 열등감이긔?,0
겨둑 시녀들은 진지하게 왜이렇게 메까한테 라이벌의식 가지는거긔,0
걍 신비주의로만 나갔어도 슬랜더에 실력충이라 알아서 빨렸을걸 아파트 발올리기 준우 좆냥이 연타 터져서 이미지 깎아먹는게 메까 탓이노,0
잦스틴 노래는 녀살려부분만 귀에 들어오긔,0
캣맘이 패는걸 왜 메까한테 지랄,1
개좆냥 좋아하지도 않는데,1
겨둑이 영상만 봐도 좆냥이 순한거긔,1
참다 감,0
좆냥이 괴롭히는게 어떻긔,1
난 자동차 엔진룸 열었을때 좆냥쉑 나오면 박찬호 빙의한것마냥 꺼내서 스트레이트로 던져버리긔,1
그냥 패면되지 왜자꾸 이프딸을 치고 봊초짹창글 가져와서,1
패노 그냥 한짓으로 팰거 충분한데 ㅋㅋ 좆예인들 패는거 봊초짹창년들인거 확인사살하나,2
겨둑이 팰맘은 안드는데 성격이 ㄹㅇ잦초딩 그자체노,1
좆냥이 존나 착하노 딴좆냥이 같앗으면 이미 할큄,1
개겨둑 보니까 메까가 좋아지긔,0
어,0
ㄹㅇ처음으로 호감됐긔,0
컨셉질을 할거면 하나만 하든지,0
멍청하면 컨셉질도 못하긔,0
메까 시녀들도 신기하다,0
저주파 원래 악개판이었긔? 겨둑이 쳐맞고 있는데 영업글 ㄷㄷ 시녀들 기싸움 오지노..,0
매까가 더 빨기 편하긴 할듯,0
논란 크게 안 만들거같아,0
데뷔전에 쳐맞아서 그런가 존나 사리긔,0
윙큡그룹 안 망하는 법,0
스타쉽 인터뷰 한 거보면 연생 중에 데뷔한 비율 높다고 자부심있는 것 같은데 스타성 없고 빻은 년들은 냉정하게 버려야 하긔 어중간한 년들 모아다가 만들면 바로 4군행이긔 괜찮은 년들 없으면 5인이하 소인조로 나오시긔 빚이라도 덜 쌓이긔  싼스타시절로 회귀해서 머중성 좋은 띵곡 받아오면 더 좋겠지만 못하면 멤버 구성이라도 제대로 하시긔 곡이야 다음이 있지만 구린 멤버 구성은 해체나 탈토이아니면 방법이 없긔,1
6인조라매,0
메까가 이일이랑 무슨 상관이노,0
발작버튼인가봐 ㅋㅋㅋㅋㅋ,0
근데 겨둑이 왜 잦돌로 빨리는지 이제 알았긔,1
한남스러워서 그러네,1
잦성성 ㅅㅌㅊ셔,1
데뷔하곤 의외로 메까가 쳐맞을 짓 안해,0
눈치는 있긔,0
꾼처럼 아예 존나 사려서 씹노잼일줄 알았는데 그냥 적당히 사려서 괜찮긔 겨둑이한테 봊초 아이디 양도하고 봊초내만 좀 빼시긔,1
겨둑이 츄르까지 챙기고 좆냥이 먹여준다면서 다 쳐먹으면,1
미야옹 하면서 소리지르고 내쫒았던거노 흥미롭긔,0
저주파 싫못죽인데 개겨둑년 보니까 메까 올려치게 되긔,0
ㄹㅇㅋㅋㅋㅋ이라면 또 거상창년이라고 말하러 오긔,1
메까 반사판 겨둑깅,0
메까는 도빻같은 스타일이긔,0
하는짓이 공수치 오긴해도 크게 논란은 안만들스타일이긔,0
아ㄹㅇ,0
봊초감성ㅌㅊ,1
메까시녀들 한먹었잖아 겨둑이한테 1군 밀리고,0
겨둑이가 넥돼로 반응 존나온게 죄지 ㄹㅇ,0
겨둑이 1군이었다가 메까한테 쳐발렸긔,0
메까는 고양이 저렇게 안대하는데 어쩌라고,0
그럼 시녀들이 빠는거 자제해야되노?,0
씹슴 봊돌들도 보적보 오지노,1
메겨스워를 왜하냐고 메겨는 같이 빨아야된다니까,0
메까만 빨면 노잼이고 겨둑이만 빨면 수명줄어들어서 같이빨면서 상쇄해야됨,0
머뷔전에 쳐맞아야돼,0
그게 나아,0
메까 진짜 한남같아,1
아니 겨둑이,0
변기 올해도 터지는거 보니까 수기신 같긔 ㅇㅇ,0
화용신 맞앗노,0
코아픈 개줌마년 통피로 지랄하는거보시긔,2
코아픈 글 2틀만에 처음썻는데 티난다 ㅇㅈㄹ 심지어 위에 같은슼통피도 내가 쓴거아닌데 ㅋㅋ,0
ㅋㅋㅋㅋㅋㄱ통피라도 티난대ㅋ ㄱㄱ,0
약독대줌년 이젠 코아픈앰 패노 니새끼만 빨면되지 왜 꼭 남의새끼 가져와,1
느그랑 사과문 떴노,0
근데 겨둑 메까면 닥 메까 아니노,0
느그랑 사과문 올렷긔윤,0
헐ㅋㅋㅋ,0
탈토이 안한다는 뜻이네ㅋㅋㅋㅋㅋㅋㅋ,0
느금딴멤들이랑 이제 존나 어색할듯,0
탈퇴나하지 추하노,0
어디올라온거임?,0
찐이긔?,0
웁쓰,0
느금짱이랑 존나어색해졌을거같은데 걍탈토이안하노?,0
탈퇴해라,0
겨둑줌마들 뭐만하면 메까탓하는게 딱 개줌마들 같긔,2
한남유충 키우는 개줌마들이 지새끼는 착한데 친구를 잘못만나서 그런거라고 구질구질 핑계대는거랑 똑같긔,2
한녀들은 동물 험하게 다루는년 거의없던데,1
신기해 양산출신에 빠따빨고 한남컨텐츠 즐겨봐서 그런가 얜ㄹㅇ한남이랑 동기화된거같아 모든 행동이,1
에스파 한남남초픽도 압도적 카리나던데,1
일반인들은 선배 누구닮았는지 신경도 안씀,0
겨둑이 사주상 올해를 시작으로 내년부터 안좋음 ㅇㅇ,0
앞으로 더 사건 터질듯,0
저주파 못뜨는거긔?,0
수기운이 가득차서,0
메까는 좋던데,0
신녜은 이정도면 은하 잘된거 아님?,0
그전이 더 낫긴한데 괜찮긔,0
잘되고 말고가 없고 얜 그냥 원래라인 그대로 딴거야,0
자리 잘잡혔긔,0
만만할때는 김앤장 증거 확실한거 있을때는 사과 후 잠수,0
느그랑 사과문 이모 사과문보다 진정성 있어,0
씹슴은 대필이 몇명이노,0
전부 대필이야,0
그니까 느그랑 대필이 더 실력있는듯,0
전부 대필인데 다문화 창년아,1
내말이 그말인데 갈보단갑숙씨씹창년아 하혈오지노ㅋㅋ,2
나도 느그랑 대필 사과문이 취향이긔,0
다문화창년아 꺼져,1
네다 서른살 상폐년 빨면서 대필로 발작하는 갑숙씨씹창년,2
겨둑이가 뭔 잘못한거노,0
그냥 코여웠긔,0
와 실리콘봐,0
보면 메까시녀보다 겨둑시녀들이 메까에 집착 더해,0
봊돌시녀들은 지새끼 빠는것만 집중하는거 잘하던데 겨둑시녀들은 ㄹㅇ 잦듀줌들같긔 거의 다른년 패려고 빠는거같음,1
느그랑 예정 활동 모두 중단이면 앙더리는 어케돼,0
앙더리 불쌍하노,0
씹 앙더리도 같이 자숙해야하는게 존나웃기다고,0
불쌍해서 눈물이나긔,0
메겨 둘다 애미들 질리게 하는데,0
메까 봊초 냄새도 좆같고 겨둑이 한남유충같은 것도 좆같긔,2
근데 객관적으로 보면 후자가 압도적으로 좆같긔,1
게메까미친년아 겨둑이랑 봊초 같이보라고,2
메까랑 겨둑이 성격 반반 섞어주시긔,0
한쪽은 노무 봊초내나고 한쪽은 걍 초딩유충같고 노무 극단적이긔,2
ㄹㅇ이러면 양쪽 시녀 다 행복함,0
메까는 봊초내만 좀 빼면되지 개겨둑 잦초딩 성격은 누가 좋아하노,1
메까 드릉드릉 쁘띠쁘띠거리는거보면 조금이 아니라 많이 심하긔,0
그건 맞는데 겨둑이 성격 반 필요없다는 소리였긔,0
저주파가 예쁘다고 빨리는 자체가 신기하긔,0
갤 짹 이런데서 빨아대는 진성시녀들뿐만 아니라 좆별 좆튜브같은 곳에서도 와꾸로 빨리는게 신기함 좆간들이 전체적으로 봊돌 보는 눈이 많이 낮아졌나 그런거면 차라리 다행이라 해야할듯,1
소속사빨,0
겨둑이는 준우 추천한거 보고 그냥 노관심이긔,0
띵잦은 관심도 주기 싫어,1
느그랑 사과문 올렸노 ㅋㅋㅋ,0
가져와,0
언냐들 둘짱 근황 보시긔 ㄷㄷㄷ,0
시설 존나 좋다,0
머리 다 밀어야되는거노,0
걍 기숙사같노,0
딱갤주랑 느그랑 차이는 그거긔 딱갤주는,0
솔직히 그렇게 할것처럼 생겼긔,0
똥카스 탈토이 안하는게 더 재밌긴 해,0
느금창들도 폐창들마냥 영원히 부들댔으면,1
겨둑이는 그냥 부천의 인간화 ㅇㅇ,0
이거말고 더 표현할 말이 없긔,0
양산이거든,0
양산이긔,0
앙더리는 무슨죄야,0
겨둑이가 메까를 좋아하나봐 자꾸 반사판이 되어주고 있긔,0
시녀 아니라서 메까 거상창년이라고 도배해도 타격없긔윤,1
메까 시녀들은 겨둑이 패면 안되는거 아님?,0
느금처럼 중고나라꼴 나면 어케ㅜㅜ,0
비율은 키랑 상관이 없긔ㅋㅋㅋㅋ그걸 모르노,0
잦돌빤다는년이,1
고양이학대범 빠는 시녀들은 닥치시긔,0
근데 부천이 어느정도로 흙동네야,0
마계 ㅎㅌㅊ지역 생각하면되긔?,0
띠니 부천사는데 집값 8억정도 하긔,0
집값10억넘긔,0
앵간한 좆울보다 잘살긔,1
흙은 아님,0
부천 흙 아님,0
부천 빈부격차 존나심함,0
34평 아파트 13억짜리도 있는데,0
댓글에 부천년들 개많노 그것도 케바케지 양아치동네 맞긔,0
느그랑이 딱갤주보다 사과문 열배 정도 잘 썼긔,0
느그랑은 용서 가능하긔,0
겨둑이 좆냥이 묻으려고 이타이밍에 사과문내네ㅋㅋㅋㅋ,1
씹슴 바람잘날이 없노,0
느그랑 짱개어로 써서 글씨체 평가 피해감,0
똥카스 김치어 얼마나 못하는거노?,1
자필을 짱깨어로만 썼노,0
사람한테 지랄떠는 이모 vs 좆냥이한테 지랄떠는 겨둑이,1
누가 낳냐?,0
뭘 낳아 병신이긔?,1
이모가 애를 낳아,0
루카스 인스타그램 사과문,0
ㅇㅈ했노,0
사실이었노ㅋㅋㅋ,0
탈퇴안하노,0
ㅡㅡ,0
나 겨둑이랑 취향 비슷한가봐 준우 영상 존나 재밌긔ㅋㅋ,0
근데 준우 똥냐긔? 존나 똥냐같은데 약간 똥장미 ㅌㅊ,0
온냐들 근데 느그랑 사과문 이거 번체 아냐?,0
홍콩도 간체자 안 쓰나보노 처음 알았긔,0
본토말고 간체자안씀,0
머만만 안 쓰는줄,0
씹슴의 병크는 더 강력한 씹슴의 병크로 묻는다,0
겨둑시녀들 진짜 신기해,0
겨둑이 쳐맞는게 왜 메까 탓이노 갤 ㄹㅇ씹스러,0
와,0
저런적 없는데 겨친년들은 날조가 일상이긔,0
와 역시 씹슴도 짱깨들 폭로엔 속수무책이군아 ㅋㅋㅋ 사과문 ㅋㅋ,0
사과를 근데 누구한테 하는거노 ㅋㅋㅋㅋㅋㅋㅋㅋㅋㅋㅋ,0
느그랑은 그래도 빠수니들 만나줬잖아,0
빻수니들 진짜 극혐하면 못 그래,1
읍뜨고 돈안써도 되는데 개꿀이지,0
언냐들? 느그랑 네번째 폭로자 나왓대,0
뭐노이게ㅋㅋㅋ,0
ㄹㅇ??,0
ㅅㅂㅋㅋㅋ,0
사과문 올릴 수 밖에 없었겠노ㅋㅋ,0
씹슴 병크가 말걈정도여도 토이 안시키는데 하겠노,0
띵잦년들 잦돌은 쉴드치면서 겨둑이한테는 보적보하노,1
아 존나싫어,0
저주파 좆노관심인데 올라오는거 쭉보면,1
겨둑이가 저주파중에 젤 병신맞긔,0
쇡비 푼다니가 사과하는거봐 ㄷ ㄷ 역시 증거가 힘이다,0
ㄷ ㄷ ㄷ,0
녹화 녹음은 현머사회의 필수품이긔,0
느금에서 이제 느그랑 왕따취급당하겠노,0
느그랑 수납ㄱㄱ,0
잦돌 빠는거보다 겨둑이 빠는게 나을거같긔,0
문친 좋아했는데 겨둑이도 끌려 잘생겼긔,0
느그랑은 호빠짓보다 뒷담까고 듣보잡 투표까지 비계,0
총동원해서 투표한게 존나 깨,0
저주파 벨갤에서 스워하다가 한남충들 정액발싸중ㄷㄷ,2
개좆같노,1
사과 활중세트보면 삼란이랑 뽀나 생각나,0
왜그런거야,0
딱갤주 열다리 사과문 올렸었긔?,0
먹금하고 군지한줄 알았는데,0
느그랑이나 빨어,0
ㄹㅇ쇡비푼다니까 북다닥 사과하노,0
아시발 직접만나서 몸으로 갚는거임?,0
뭘 자꾸 만나재 ㅋㅋ,0
느그랑 걍 호빠나 하지,0
겨둑시녀들 인기딸은 치는데 메까보다 못 팔아서 열등감 있긔,0
웅 뭐만하면 메까시녀들 물고 늘어지노 씾스러운건 겨둑시녀들인데,0
사과문 지금 올라왓는데 네번째 폭로글이 뜨면,0
사과 다시해야지,0
느그랑 파생갤 놈 재밌노,0
어디갤이긔,0
홍콩 배우,0
개겨둑 시녀들 존나 웃기노,1
그 메까시녀 겨둑이도 좋아하는 년이라 같이 빨려고 올린건데 가사할망이 인알로 까서 바로 지웠는데 피해의식 좀 봐,1
피해의식 존나 심하노,0
사과문요약=맞는데 응 탈토이 안함,0
느그랑 사과문 올라왔긔,0
쇡비보는게 이득인데 아깝노,0
ㄲㅂ,0
전봊친들한테나 사과하고 탈토이하지,1
취장가도 아무도 아쉬워하지않을거긔,0
언냐들 알바 한번두 안해본게 자랑이얌?,0
나도 덕질할라고 주말 알바하긔  한남한녀 커플이 들어왔는데 내가 실수로 넘어졌긔 한녀가 존나 빠개면서 한남한테 힘들게 산다 자기는 알바 한번도 안해봤다 쿰척거리면서 너무 비웃는긔  계산은 한남이 했긔  흙수저는 아니지만  너무 서러웠긔 ㅠ,2
ㅇㅇ 금수저니까,0
한남이 그말듣고 뭐래,1
약독대랑 코아픈이랑 동발 못할거같은데,0
백퍼 약독대 10월로 밀린거긔,0
유통 다르긔,0
자는 동안 읍추 찍었을지 모르니까 사과할 수밖에 없지 않노?,0
메까년은 데뷔전에 쳐맞아서 그런가,0
대신 진성으로 빨긴 좀 그렇긔 놈 노잼이야,0
느그랑 찐이네,0
네임드 다 탈빠할만하긔,0
느그랑 사과문 회사에서 써준거잖아,0
탈토이 안하고 계속 좆돌 하겠다는 의지 꼴보기싫긔,1
느그랑 솔직히 돈받고 빻순이들한테 팬서비스한거긔,0
맨날 새끼랑 읍뜨고 싶다 노래부르던 언냐들은 느그랑 새끼로 입양해서 온몸승부 경제력승부하시긔,0
잦이 터지면 용서할생각부터하고 봊이 터지면 욕할생각부터하고,1
봊이로 태어나서 불행함,1
소아성애가 사과문쓴다고 될일이노? 재기해,1
느그랑 빠는년 생각보다 많았단게 신기함,1
간잽만하고 존나 안빨릴스타일인데,0
뭘 많아 인기 하위권이잖아,0
갤에만 많은데,0
꼴리긴했어,0
느그랑 개똥찬 개꾸니 데리고 짱깨로 꺼지면 이번일,1
그냥 넘어가게해주겠긔,0
쇡비 안털려서 아쉽노ㅅㅂ,0
느그랑 폭로 예고 하나 더 있다며,0
그건 묻힘?,0
아직 안털었긔,0
"학폭, 속도위반 축복 2, 준우, 동물학대, 침좆 섹비폭로까지",1
그리고 제목에 다 담을 수 없는 둘짱까지 도파민 마를 날이 없노,0
즈그새끼가 병신같은걸 타멤패는 수준ㅋㅋㅋㅋ,1
다른새끼가 병크 저지른거 눈치봐서 빠는글도 올리면 안되노? 병크터뜨린 즈그새끼를 탓하든가 씹추해,2
개겨둑 일 커질것같긔,0
기사나고 여기저기 영상 올라오는중,0
느그랑 사과문도 짱깨어 먼저쓰네,0
터뜨린건 한녀가 먼저였는데 짱깨어 쓰는 꼬라지보소,1
짱개바가 없어졌는데 빌어야지,0
한국어 먼저 쓰면 짱깨온녀들 폭발하긔,1
앙더리는 호감이야,0
홍콩 지지하는거만 봐도 웅,0
미언이가 못생기긴 못생겼나봐,0
좆돌치고 못생긴거지 일반인기준이면 평범와꾸라고 생각했는데 먼서언냐들하고 비교해보니 흠ㅡㅡ,0
일반인중에서도 못생겼는데,0
ㄹㅇ로이스만 사줬어도 이렇게 안됐긔,0
병신새끼,1
ㄹㅇ개쪼잔해,0
쇡비 안터는거 존나 착하네 걍 풀겠다,0
아직 사랑하나봄,0
강남 건물주는 부럽긔,0
우리집은 왜 건대에다 건물들을 사서 한달에 2500밖에 못벌긔? 흙수저라서 알바하는거 너무 서럽긔.. 공감해줘,0
느금창들 겨둑이 패더니 사과문뜸,0
사과문 읽는데,0
중간중간 직원이 적어준 문장이랑 본인이 직접 적은 번역기문장이랑 섞여있어서 어지럽긔,0
신녜은이랑 윙족이보면 은하 아웃라인은 욕심내는게,0
아닌거 같긔,0
녜은언냐는 지금 자리잡았긔,0
아웃라인 안했으니까,0
하하하저씨네 고양이들 존나 귀엽긔,0
하저씨가 잘다뤄서 그런가 다 개냥이긔,0
겨둑이 패면 겨둑시녀들이 알아서 메까까지 패주긔,1
편하긔,0
이번 느그랑 대필직원 앞으로 씹슴 좆돌들 사과문전담반으로,0
창열이 사과문 틀갑질 사과문에서 느껴보지못한 진정성이 처음으로 느껴짐,0
얼마나 봊친들한테 싸가지없었으면,1
줄줄이 튀어나오노,0
느금창들이 겨둑이 패는거 노무 싫어,0
시발 좀 뒤졋으면,0
뭐야 그래서 탈퇴는 안한다고??,0
로이스녹차맛이 쏘아올린공,0
근데 짱녀가 더 통수치는거 안참는건 있는듯,0
김치녀들 남자 존나좋아해; 짱녀들 가만안두는데,1
느그랑 구라인줄 알았는데 찐이군아,0
짱깨말로 돼있어서 번역 과장됐거나 그럴줄 알았는데 사과한거보니 더 심한것도 있나보긔,0
구라도 섞였긔,0
근데 뭐 일일히 지금 해명이 안되는거지,0
사진이랑 음성 다 나왓자나,0
ㄹㅇ 딱갤주보다 사과문 잘써서 웃기긔,0
외노자가낫네,0
딱갤주는ㅋㅋㅋㅋㅋㅋ,0
변호가가 대필해준건데,0
잦돌들 싹 다 폭로 터졌으면 좋겠다,1
게이팝 멸망하게,0
이때다 싶어 카리나 영업하는 팬들 상황..JPG,0
고양이로 카리나 영업 들어가네 ㄷ ㄷ,0
메까 시녀들아 제발 니들이 겨둑이패는거라고,0
광고하지 좀 말아주시긔.. 그냥 조용히 있어 저주파 한줌애미들 다 같이 빠는데 뭐하노..,0
개겨둑 한번 처맞아야 정신차리긔,0
딱봐도 메까 시녀들이 더 동조하고 패는거임,0
미친년아 저주파스워하는거 99는 팬코야 이딴 글도 쓰지마,0
저주파 망하라고 장작넣고 대리스워 하는걸 진지하게 받아치는년들 죽이고싶어,0
보면 그런거 같지도 않음,0
맞다고 득2시녀갤에서 저주파 디져라 팬거 모르노 봊연갤만 봐도 허구한날 저주파만 쳐맞는데 좆티에 끌올하는것도 봊연갤년들임 메까 바로 올리는것도 그렇고 봊연갤 하루이틀하노,1
봊연갤에서 봊돌 다 빨리는데 저주파만 죽어라 쳐맞는 이유가 머겠노 지금 제일 잘나가니까 그런거고 대리스워해서 악개판 만들고 단체는 못뭉치게 하려는 의도긔 봊연갤년들 평소에 저주파만 이악물고 패는거 보면 이년들은 그러고도 남아 그러니까 제발 다들 눈치좀 챙기고 무시하고 스워할시간에 다른년들이나 패,2
그냥 선족이가 다 만두재료로 데려가버리자,0
남는건 윙족이네 짱깨집에 좀 나눠주고,0
이왕푼김에 쇡비도 풀지,0
짱녀 착하노,0
뭔가 더 나올까봐 사과문 쓴거 같긔,0
섹스비디오를 두려워한거 같기도함,0
느그랑 그럼 윈노자 자적자도 찐이긔?,0
같이 느금짱깨 아니긔? 분위기 어쩌놐ㅋㅋㅋㅋㅋㅋㅋㅋㅋ,1
그런건 주작이라고 그냥 증거도 없고 글만있는거긔,0
덬창 봤는데 이건 갓갓 스타성 아니노,0
폰 바꿨다고 핫게도가노,0
갓갓 스타성 오지긔,0
덬창년 대놓고 중계하노,0
아까 누가 덬창 겨둑이 까인다고 들고온짤이긔,0
갓갓원래 스타성 ㅆㅅㅌㅊ긔,0
겨둑이는 노무 안 가리고 메까는 노무 가려,1
그 차이긔 웅,0
느그랑 누가봐도 구라긔,0
나 니한테 돈써가면서까지 만나는놈 아니야,0
쇡파주제에 만원짜리도 사달라하지마 ㅋㅋ,1
로이스잘사주는 루카스가될게요!!,0
외퀴년들 김치봊 엄청 괴롭히던데 이제 아가리,1
다물겠노,0
ㄹㅇ 외퀴들 주작염불 꺼져 좀,0
똥남아겠지? 죽었으면,1
느그랑 병신새끼 가스라이팅도 제대로 못해서 쉴드글 하나없는거 보시긔,2
즈그 빠순이 하나 봊친삼아 대가리깨지게해서 피의 쉴드라도 치게 했어야지,2
느그랑 저게 병크라고 볼수있긔?,0
뭐가 병크인지 모르겠노,0
네명을 동시에 만났는데?,0
빠수니랑 놀아난게 좆돌 잘못이라면 잘못이지 ㅋㅋㅋ,1
빻순이 돌아가며 따먹는데 병크가 아니노..,1
뭘 더 해야 병크가되노,0
존나 병크맞는데,0
장혜인이야?,0
역대급 싼티 병크긔 어떤 병크보다 깨는데,0
그럼 뭐가 병크노,0
해찬이니??,0
노예네,0
ㄹㅇ 봊기들 건들기전에 이번에 확실히 매장을시켜야되긔,1
쇡비 내놔,0
쥬지 보여주고 가,0
잦돌들 저런식으로 폭로하는년들 다 고소당했음 좋겠노,1
지들이 뭔데 날조하면서 폭로하노,0
누구 뒷담화 한거노,0
머라고함?,0
딱갤주 사과문 찾아왔긔,0
느그랑꺼랑 비교해봐,0
뭐가다른데,0
딱갤주 양심없이 돌려쓴게 다르긔,0
좆냥이...셀프미용....jpg,1
좆냥이살러,1
진짜병신같다 ㅇㅇ,1
요새 패왕 꼬팅 컨텐츠 가끔 보는데,0
룰루랄라 그거 ㅇㅇ 패왕은 간헐적으로 제정신이고 대체로 미쳤어서 신기하긔,0
헐 옐깅이 이렇게 마른거 처음봄,0
아니 씹 호빠창놈들도 그렇게 물주한테 뜯어먹은게,1
많으면 로이스 초콜릿 하나라도 사다줬겠다,0
애초에 ㅅㅌㅊ봊이였으면 잦돌이랑 사겼다고 폭로도 안함,1
느그랑이 로이스 사줬으면될일,0
갓반인이라도 동시에 세봊 만났다고하면 개까이긔,1
하물며 그게 좆돌이고 상대가 다 빻순이면 죽어야하긔,1
돈도 다 내게하고,0
회원이 멤버였노,0
멤버 번역이 회원으로 된거지? 무슨 회원인가했긔,0
아프간 난민 받기 싫은데 어떡하노?,0
바이든이 한국 미군 기지에 평택이나 용산에 아프간 난민 떨구면 막을 방법 없노?,0
초콜릿하나 못사줘서 이렇게된거 ㄹㅇ 병신같긔,0
침그랑 주작이 아니라 팩트였단 게 존나 웃김,0
애초에 증거들이 주작일 수 없긴 했지만 확인사살이노,0
아씨발 짱깨애미들 느이일 껴달라네,1
아 개좆같네,1
느그랑 사과문도 짱개스럽노,0
머식중에 빠수니랑 사겨서 탈토이한 새끼도 있는데,0
네다리로 호텔숙쇡 뜬 느그랑 정도면 존나 병크지 뭐가 더 병크야ㅡㅡ,0
그냥 좆그랑이 로이스만 사줬어도 될일이그ㅐ,1
자업자득,0
느그랑 저 버릇 못 고쳐,0
변기ed할듯,0
이쯤에서 다시보는 딱갤주 사과문,0
이게 사과문이야 안부인사야,0
모니카 존나 오글거리건데,0
왜빠는거,0
제일 잘함,0
트페미들이 원하는 자신의 모습이래,0
느그랑은 활중이 아니라 탈토이 해야지,0
"좆뱀짓은 열다리, 축복과 차원이 다른 병크긔",1
메까는 존나 쳐맞고 사리기라도 하지,0
겨둑이 시녀년들 고생길 열렸노,0
잦돌들 인기에 집착하고 투표도 하고 그런거 깨긔,1
차라리 팬들 요구사항 귀닫고 지 하고 싶은거 하는 놈들이 멋있어보여,0
짱개팬들 화나서 사과문 쓴듯,0
느그랑 그냥 원래 똠내나서 좆같앗긔ㅇㅇ,0
역시,0
느그랑 얼마나 그러고 다녔으면 바로 인정하노,0
뭐 나올게 많나보긔,0
아니 홈마랑 좆목한건 개같이 패면서 빠순이랑 혐애한게 병크가 아니래,1
봊연갤 이중성 놀랍노,1
느그랑 머리를 스치는 봊이 한 열명은 더 있을거긔,1
죽어,0
하나하나 뭐는 맞고 틀리다 해명하다보면 삼란이 꼴 나긔,0
세부적인 내용은 구라 껴있어도 그 일이 있었던게 맞으면 닥치고 사과해야 나중에 슬쩍 기어나오기 가능하긔,0
ㄹㅇ 삼란이도 걍 사과하고 활중햇으면 탈퇴까지 안갓을듯,0
약젠 위버스 이 사진 잘 나온거임?,0
하관이 꺼진것같기도하고,0
독품은 개구리 같이 나오다가 폼 회복한거긔윤,0
멜팅이기,0
이상한데?,0
ㄱㅊ,0
괴기해,0
어짜피 탈퇴각이라 말하는데 저거 쇡뜬건 구라라고 ㅡㅡ,0
사진 숙소사진 카톡프사임 ㅡㅡ,0
숙소에서 쇡떴겠네,0
뭔소리야 올린년이 본인집이라고했음,0
하괴는 왜 팔자가 도드라질까,0
좆기때부터 저렇던데 타고난거같은데 팔자심한 사람들 보면 광대가 과하게 나왓거나 입툭튀거나 그러는데 하괴는 뭐가 문젤까,1
못되쳐먹은년들이 팔자심함,0
살성이 그런걸수도잇구 입이 광대보다 더 들어가있으면 팔자 심하더라,0
씹슴 느그랑바 터져서 입장 내놓은거잖아ㅋㅋㅋㅋㅋ,1
돈줄 살려,0
나만 팬사인회 성매매 같노?,0
코로나 시국 전에도 사쿠라 일본 악수회 더럽다고 생각함 사쿠라는 깨끗하지만 남자들은 쉬싸고 손도 안 씻는다며  하이터치회도 병균 옮기는 거 같은데  팬사인회를 워렌버핏과의 점심처럼 고급스럽게 개최할 수는 없노?,0
아이돌을 성상품화 안하면 어따쓰노?,0
한남들 머리에서 나온 팬사인회라 그런지 더럽다 이기야,2
좆이돌산업이 그렇지 뭐,1
한녀들 돈이 소속사 임원 한남들 지갑으로 들어가는 게 불쾌하노,1
느그랑 지금 갓반인만 나와서 그렇지 짱깨나 김치 봊예인도,2
동시에 만났을걸,0
롤스로이스도 아니고 로이스도 안 사주는 잦 ㅋㅋㅋ,0
그러게 왜 가성뷔짓하노,0
심심한 언냐들 스트릿우먼파이터 보시긔,0
한국에 유명한 댄서들 대결하는 예능인데 요즘 하는 예능 중에 제일 재밌는듯,0
이거 재밌더라,0
느그랑은 사과문에 진정성이 느껴지긔,0
딱갤주 봐 애매하게 지가 잘못한게 있다는 건 언급 안함,0
겨둑이 또 핫게 갔긔 ㅋㅋㅋ,0
스타성 머박,0
느그랑터져서 겨둑애미들 싱글벙글ㅋㅋ,0
플 바뀜,0
느그랑 해명이라도 하지,0
그냥 다 떠안네,0
더 터질거 많을거그ㅐ,0
느그랑은 겨둑이를 묻기 위해 씹슴에 의해 희생된 피해자입니다,0
앙더리만 불쌍하긔,0
지 혼자 활중하면 뭐하노 앙더리도 강제 활중인데,0
호빠짓만 했으면 꼴린다고 빨아줬을 빠순이들 많았겠지,0
만원짜리 초콜릿 하나 안 사주고 빠순이 뒷담까고 멤버 뒷담까고 자적자한게 존나 옹졸하고 속 좁아보여서 정 털림,0
약젠 두상이 길어졌어,0
경락 받으시긔 약젠깅,0
지금 돼벨갤 정액테러 이슈화 시키고싶긔..,1
어떡계하면되노,0
그냥 봊초에 퍼나르시그ㅐ,1
트짹 가서 태그 달고 글 써,0
머공이한테 그러는거긔..?,0
겨둑이도 기사뜨기 시작하노,0
아프간 난민 용산 기지에 수용해야 하노?,0
한국 국적도 주고?  싫은데,0
역시 도둑질하는애 인성은 어디안가네...,0
고양이한테 패악질하는거봐 ㅉㅉ,0
느그랑 신곡 발매 두 시간 전에 북다닥 취소됐노,0
김치봊 폭로로 끝났으면 먹금했을텐데 짱깨터져서 그렇긔,1
런닝맨 뒷담까지 털려서ㅋㅋ,0
화이팅해써??? 뭐?? 남편이 왓다쿠????,0
느그랑 폭로한년 고소나 당했으면 좋겠노,0
웅 언냐만 고소,0
네다침,0
똥카스만 추방하고 모두가 해피엔딩,0
느그뱀이 해명할게 뭐가 있노ㅋㅋㅋ지금 네명,0
터진 상황에서 더 안터지게 하려고 무마하려고 얼마나 노력하는건데,0
아프간 난민 경기도에 들어오노?,0
국회의원들 난민 대책 회의하는 거 심상치 않노 지들은 강남 사니까 난민 받아도 상관 없다 이거지  아프간 난민 받을 거면 국회의원 집을 수용소로 제공하도록 해야 함,0
씹슴 병크 돌려막기 미쳤노 다음 타자 빨리 나오시긔,1
개겨둑 큰일났긔,0
좆냥이 키우는 집사들 존나 예민한데 이번일로 머중들한테 처맞을 예정,1
느금이나 빨아 ㅂㅅ아,2
느그랑 백퍼 4명이 다가 아니긔 냅두면 12차폭로까지 터질거였어,0
발삼e,0
겨둑이 저게 무슨 학대야,0
댕댕이한테 짖는소리 내는 장난이랑 뭐가 다름,0
네다겨,0
해명을 어캐하긔? 전부 팩트뿐인데,0
약젠셀카보면 눈 이쁜거 항상 느끼긔,0
눈이 옆으로 존나 길어,0
이렇게보면 와꾸 달라진건 별로 못느끼겠는데 도대체 뭐가 문제노,0
겨둑이는 마계인천의 인간회긔 ㅇㅇ,0
아프간 난민 전라도로 보내면 되잖아,0
신안으로,0
언냐들? 그럼 설마 느이일 느짱깨하진않겠지?,1
근데 저런 폭로글뜨면 왜 해명안하고 인정하는거노?,0
이해가 안가긔 오히려 고소한다고 협박해야지,0
제어가 안되니까 그러겠지,0
느그랑 사과문에 감동 받았긔,0
사과문은 느그랑처럼 쓰는거긔,0
사과문의 정석이노,0
진지하게 이게 겨둑이 팰 거리노?,0
존나 유난같긔,0
미언이는 솔직히 댄스는 봊돌탑인지도 모르겠오,1
짱개잦돌프로 나와서 똠리사가 짱남들 무수리 만들고 주제곡 제일 잘추는거보고 인정했지만 미언이가 그  프로 나갔다면 잦들 이기기 힘들었을 거 같은데,1
만능사과문만 쓰고 탈퇴안하는 병크돌들,0
꼴보기싫긔,0
족러 느짱깨 수혈 들어갈듯,1
느짱깨 재기(+)하는 방법은 이거밖에 없긔,2
느짱깨 노래는 나옴?,1
ㄴㄴ 흙오이,0
똥찬이 떨고있을듯,0
똥찬아 다음은 너긔,0
느짱깨는 어떻게 되는거노,1
느그랑 빼고 활동할거같긔?,0
요즘 농촌들 우흥으로 더 일손없다는데 아프간 난민들,0
보내면 딱 좋겠노,0
"느짱깨 느윈 탈퇴, 족러 합류",1
해체나해,0
앞틤 다시하고싶은데,0
겨둑 시녀갤 진짜 씹스럽다,1
왜저개,0
저러는거 하루이틀이노,0
언냐들? 외퀴들은 지금 씹슴이 느그랑을 사과하도록,0
만들었다고 정신승리중이긔 미친년들 그 정신으로 느짱깨 앨범을 샀으면 느짱깨가 더 잘됐을거긔,0
느짱깨 설마 느이일 끼는거노?,1
아니지?,0
끼면 느그랑 뒤지게 팸,0
느스시 낄텐데 느짱깨 자리없긔,1
느그랑 빼고 끼겠지,0
sm 공식입장 뜸,0
"이하는 공식입장 전문이다.  안녕하세요. SM엔터테인먼트입니다. 소속 아티스트 루카스의 사생활 이슈로 인해 심려를 끼쳐드려 죄송합니다.  당사는 본 사안의 심각성을 인지하고 25일 오후 6시 발매 예정이었던 WayV-루카스&헨드리 싱글 ‘Jalapeño’ 음원과 뮤직비디오 등 모든 콘텐츠 공개를 중단하기로 결정하였습니다.  루카스는 본인의 잘못된 행동으로 큰 상처와 실망을 드린 점에 대해 깊이 반성하고 있으며, 당사 역시 아티스트 관리에 미흡했던 부분에 대해 책임을 통감하고 있습니다.  다시 한번 루카스의 사생활 이슈로 팬분들을 비롯한 많은 분들께 심려를 끼친 점 깊이 사과드립니다.",0
사과문 딱 봐도 대필인데 감동받았대 조선족년들,0
아프간 난민들 신안 가서 염전노예 천직일듯,0
앙드리 못생겨서 싫어했는데 좀 불쌍하노,0
존나불쌍해,0
씹슴에서 저렇게 발매직전에 활중시킨거 처음보긔,0
느그랑 정말 대단하시다,0
학치커호모1군은 뭐긔?,0
즉리노 리빵이노,0
둘다 1군,0
뭐가 더 커? 호모순서 말해줘,0
리빵 미개하고 즉리가 1군,0
즉리,0
아프간 난민 받으면 경기도가 유력하노?,0
바이든이 미군 기지에 난민 놓으려고 하던데 경기도에 미군 기지 있다며,0
갤에 해찬이 있는거 같긔,0
느그랑 별거아니라고 계속 쉴드치네,0
강남에 아프간 난민 받아라 이기야,0
국회의원 집에 난민 받아,0
아 근데 뮤비 궁금했는데 컴백 후에 터쳐주지,0
아쉽노,0
봊초언냐들 똥카스 이것도 퍼트리시긔,1
그냥 금발 여자애가 벽보고 뒤돌아 있는줄 알았더니 그림자 보니까 딱 어른 남자 고추있는곳에 여자애 얼굴 있는거 보니까 레알 오랄맞노; 로리에 오랄섹스 똥남아거지 동북공정 매국짓 가성비 양다리에 결정적으로 소추  뭐 하나 버릴게 없노,2
오랄섹스는 왜 패긔? ㅋㅋ,0
와 이러면 얼마나 돈날린거노,0
헨드리 불쌍,0
앙더리 개불쌍,0
괜히 소문 나는게 아님,0
순식간에 묶혀놨던 주작건이 증거랑 같이 다 터져나오긔,0
메까시녀들 지금 얼마나 통쾌할까,0
관심 없는데 저걸로 까여봤자,0
앙더리 불쌍해,0
앙더리 개불쌍하긔 뮤비는 내주면안되노,0
어차피 영상 올리는데 돈이 드는것도 아니긔,0
쌀국이 난민 수용하라는것도 철회했는데 왜받아,0
파생갤 캡처하는거 진짜 찌질해,1
죽여버리고 싶어 시발,1
죽어라,0
ㅇㄷㄷㄱㅈㄱ,0
첫 폭로한 한녀 주작으로 몰리고 쳐맞았는데,1
짱녀가 더 쎈거 풀어줘서 다행이긔 첫폭로자 언냐 놈 착해ㅠ,0
지금도 외퀴들한테 까이그ㅔ,0
온냐들 한달뒤에 로나코 잠잠해질까?,0
어떨 것 같아,0
씹슴 병크쳐도 다 안고가니까 정신을 못차리는거긔,0
망왑처럼 탈토이시켰어야지,0
아프간 난민 용산 미군 기지에 받는 거노?,0
바이든이 우기면 좌파 국회의원들이 수용할 거 아냐,0
겨둑시녀갤 ㄹㅇ워딩 개더럽다..,0
메까 놔줬으면 해,0
왜저래,0
겨둑이가 준우 추천하고 고양이한테 소리지른게 메까시녀탓이노 ㅋㅋ,0
잦 enfp는 다 병신임,1
이게 성인 자지의 유형이다...? 가관인거긔,1
느그랑 어짜피 씹슴이 꽂아주는거 아니면 돈값 못하잖아,0
그냥 탈퇴시켜 시발 느짱깨 느이일끼면 죽인다 ㅡㅡ,1
좆카오 씹슴 인수 공식기사 뭐노ㅋㅋㅋㅋㅋㅋㅋㅋㅋㅋ,1
신영이를드립니긔❤+,0
느짱깨 투어하던데 다 취소긔?,0
흐미,0
와 앙더리 새끼도 아닌데 불쌍하노,0
음원 뮤비까지 그냥 안나오노,0
느그랑 폭로한 한녀언냐 타이밍 ㅆㅅㅌㅊ다 ㅋㅋㅋㅋ,1
진짜 제대로 엿맥였노 ㅋㅋㅋㅋㅋㅋㅋ 저렇게 음원 뮤비 취소돼면 날리는 돈 시간 때문에 회사에도 타격 존나 입히고 속시원하겠노 ㅋㅋㅋㅋ,0
짱깨뇬이 섹비 협박하니까 이모처럼 사과했노 ㅋㅋㅋㅋㅋ,1
얼마를 날린거노ㅋㅋㅋㅋ,0
씨ㅚ이 분노ㅋㅋ,0
앙더리도 금슥저야?,0
ㅇㅇ최소 은,0
느그랑 정산받은거 다시 뱉으라그래,0
죽을때까지 공짜로 일하라고 해,0
아프간 난민 받으려는 국회의원 이름 공유하자,0
나라 넘긴 을사오적에 비길 정도임  강남에 아프간 난민 받을 것도 아니면서 생색 오지노,0
느그랑때문에 새벽 네시에 씹슴 직원들 긴급소집 당했노,1
이모 딱갤주급이네,0
새벽4시 ㄹㅇ이귀?,0
학치커 호모 순서는 어떻게 되노,0
리메 들어간건 다 1군이긔?,0
즉리 리빵,0
리즉은?,0
리빵 즉리/ 리선,0
씹슴창들은 진짜 노예마인드 ㅆㅅㅌㅊ군아,1
느그랑 최소 6개월은 활동 못할거긔,0
손배청구 해야되는거 아니노,0
어ㅋㅋ,0
각슬집 옐깅이 존나 예뻐,0
앙더리 며칠전 보블이라던데,0
ㅠㅠ,0
모두가 원하는 결말은 느그랑 탈퇴 윈노 둘기 족러 느짱깨합류긔,1
공산당 올린 새끼들 김치에서 안볼수도있고 느윈뺀 닥스훈트 느짱깨에서 더한 선족이 비슷한 빻러 단체짤도 볼수있긔,2
느그랑 앙더리 신곡티저였는데 ㅇ,0
느그랑 사건의 최대 피해자는 봊친들이 아님,1
아프간 난민들 새터민처럼 정착금 받을 텐데,0
그러면 옆집에 아프간 난민 우르르 사는 거 쌉가능임,0
쇡비 푸시긔!!!,0
보고싶긔,0
느이일 안그래도 영입하면 꽝포카 늘어나는데,0
느짱깨 느그랑때문에 끼면 또 시발 장사질 뒤지게하겟네,1
느그랑이 봊질해도 사랑꾼처럼 행동했으면 이꼴 안났긔,1
느그랑앰중에서 한녀를 좋아하는 느그랑이라는 환상으로 빠는년들 꽤 있는데 맨박스에 갇혀서 한녀한테 돈 많이쓰고 많이 사랑하는것처럼 나왔으면 이렇게까지 봊식지는 않았을거긔  좆뱀짓 + 가스라이팅 + 불우한 가정사 신세한탄 + 멤버 뒷담 + 비계로 지 자신을 뽑는 인기투표 + 오란이 자적보 +  봊혐과 소아성애가 느껴지는 배경화면  이런 끔찍한 혼종이라 앰들이 더 많이 탈주하는거긔,2
똥카스 로리만 있는게 아니라 우익 전범기도 있노,0
버블로 우익만화 귀걸이에 전범기 팬들한테 전송  이건 똥카스뿐 아니라 버블로 장사하는 씹슴한테도 치명타겠는데?,0
개겨둑 시녀들도 영상 올릴때 올린걸로 개지랄,1
지들이나 저러지 짹창은 거의 두년 같이 빠는년이라 그게 귀여운줄 알고 올린걸 어쩌란거야 진짜 싫어하면 나처럼 그년 버블을 안봐,1
겨둑시녀갤 눈팅중인데 존잼이긔,0
메까랑 메까시녀들 욕하는거 놈웃겨,0
아프간 난민들 정착지원금 달라고 하지 않겠노?,0
북한에서 탈출한 새터민도 집 받고 지원금 받고 대학입학도 특례로 들어오는데  등록금도 감면 받아,0
앙더리만 불쌍하노,0
착해보이던데,0
갑질도 녹취있으니까 대응함,0
느그랑 취소 됨????,0
앙더리 개불쌍해 ㅅㅂ,0
진짜 불쌍해 ㅅㅂ ㅠㅠ,0
참 봊질 걸려도 잦돌하기 쉽긔,1
앙더리 개불쌍하긔,0
당나귀,0
앙더리는 대륙 짱깨 아니라 마카오라던데,0
친중 발언도 안했대,0
느그랑 제일쳐맞아야되는거 이거긔,0
뿡2존나 구려서 간잽하기도 싫다고 썼는데,0
어떤 보릉내나는년이 썰었긔 ㅋㅋㅋ 웃창,1
앙더리인지 뭔지도 안불쌍해,0
갤에 조선족만 바글거려서 아프간 난민에 관심없노,0
이미 조선족에 먹혔는데 한국 어떡하노,0
이젠 길에서 두건 쓰고 다닐듯,0
나도 느짱깨 피해자야,1
그 씹토나오는새끼들 그만보게햐줘,1
느그랑앰들 존나 많았구나,1
홍콩배우갤가보니 알겠음,0
똥찬이가 당빠 느그랑보다 백만배 낫지,0
느그랑은 그정도 돈도 안쓰시겠대,0
할라피뇨 흙오이잼,0
아 뮤비 좀 ㅅㅌㅊ일거 같았는데 궁금하노,0
걸어다니는 셱스덩어리...jpg,1
조선족도 지원금 받는 거 아노?,0
한국 이민족에 먹힌지 오래노  아프간 난민까지 받으면 골치 아파 멸족하겠노,0
새벽 4시에 소집했는데 자다가 못나가면 어카긔,0
그냥 이럴때 대비해서 폰 항상 벨소리 켜두나,0
새벽 네시에 회사나와서 직원들은 무슨 회의함,0
어차피 사과문 등등은 변호사가 다 써주는데,0
김치 음방에서 또 짱깨어 쏼라쏼라 하면 또 봊초에서,0
느금으로 같이 쳐맞는데 뭐가 불쌍해 느짱깨빠는 개조선족년들아 ㅗ,2
엔터직원이 하는일이 그건데 뭐가 불쌍하노,0
돈받고 하는일이 그건데 ㅋㅋ,0
느그랑 아무런 감정도 안담긴 사과문인데?,0
국어지문 보는줄 알았노 차라리 갤주가 더 영혼 담겨있음,0
불쌍해 용서해주자...,0
앙더리 솔직히 느그랑한테 뒷담만 안까였어도,0
위로해줄거 같은데 지 못생겼다기 뒷담까인데다가 느그랑때문에 활동엎어져서 개빡칠듯,0
꾸니 싱글벙글 하고있겠노,0
봊돌이 몸 대주고 띵품 받는 룸창녀짓 네다리로 걸치다가,2
개털리면 사과문으로 퉁치는 거 가능하긔?,0
불가능,0
이런게 추가로 알려져야하긔,0
봊초 아이디 있는 언냐 이것좀 뿌려주시긔,1
그림 뭔뜻이긔?,0
그림자 보시긔 오랄,0
조선족 선거권 받은 거 아노?,0
좌파 운동권 변호사들이 협잡해서 그리 만들었노  지방 선거권 이미 주어진 지 오래인데 한국인들 그 사실 모르더라,0
장윙족 큰아빠가 외치던거 실현됐노?,0
느짱깨 해체각인데,0
윈노도 나르는거 거의 확정된거 같긔 정규 느그랑 포함 6명만 뮤비 찍고 안무 다 땃대 근데 이번에 느그랑까지 나가리 됏는데 쟤네 존속시켜서 뭐함 진지하게 해체하는게 낫긔,0
걍 수납하다가 짱깨 코로나 좀 잠잠해지면 투어돌듯,0
메까시녀들아 쿠로미 갤로 오시긔,0
저러면 느짱깨 사이도 쫑났다고 봐야되는거 아니긔?,0
정황상 느짱깨 뒷담 존나 깐거같은데 느그랑이,0
느짱깨 그냥 김치에서 활동하자,1
앙,0
느그랑 탈퇴수순이긔,0
활동 없을 예정,0
저거 중간에 주작도 존나 많다니까 ㅋㅋㅋㅋㅋ,0
쇡뜬 사진 구라라고 ㅡㅡ,0
ㅠㅠㅠㅠㅠㅠ,0
해명할껀 해야지 ㅠㅠㅠ,0
진짜 싼티는 씹슴이 갑인거같긔,0
말걈 갓갓 백혐 느금 저주파 라인업이 머단하긔,0
그냥 느짱깨 해체하고 좆예계를 뜨길 원함,1
ㅇㅇ 깔끔하고 시원하게,0
엔터 일은 솔직히 부심있을만하긔,0
콜센터나 듣보 중소기업에서 일하는것보다 엔터 일하면서 부심부리는게나아,0
직원들 ㄹㅇ 새벽4시에 불려감?ㅋㅋㅋㅋ,0
시발 대응어떻게할지회의+사과문대필 추가수당은 주노,0
띠니는 저런 폭로글이나 잦돌 소문 아예 안믿긔,1
띠니 새끼도 소문 많았는데 오피셜로 터진건 아무것도 없었고 거의 다 말도 안되는 날조들이었긔 실제로는 봊질 한번 터진적 없었긔,1
진짜긔,0
날조 존나 많아,0
저게 그냥 소문이노 영상 퍼트린대서 씹슴이 꼬리 내린건데,0
느그랑 안 빠는데 느그랑 욕먹는거 보기 싫긔,0
딱히 잘못이라곤 빻수니랑 느금 뒷담화밖에 모르겠던데 사생활 털린거 불쌍하노,0
똥카스 로리 봊초+맘까페에 올리면 폭발할듯,1
요즘 난민 개슬람 이슈라서  똥남아 불체자 거지+로리  유아 초등생 둔 님들 주변에 이런 똥남아가 어슬렁거리면 어떠시겠어요? 이러면 댓글 200개 달리고 무섭다고 얼른 추방하라고 난리날듯 청와대 청원 10만 돌파 예상,1
ㄴㄴ 저사람은 누구죠~ 이런 댓글만 6개정도 달릴듯,0
그것도 맞긔 ㅋ 이미 봊초에서는 그러고 있는데 그럼 댓글로 동남아 짱깨 외노자입니다 이러면 더 폭발예상 ㅇㅇ,1
관심도 없을득,0
이미 난민 개슬람 380명 받은걸로도 난리인데 같은 문제로 생각해서 똥남아불체자 로리충이라 관심 많이 받음 ㅇㅇ,0
김치에서도 안팔리고 짱깨에서도 필요없는거 짱깨새끼들도,1
맞는데 김치에서 문이리 개똥찬 개꾸니 이런놈들도 나가시긔 아 외노자특별전형으로 공주도 나가시긔 전부 다,1
느짱깨 망해서 느이일 없고 느2 빨리 나온데,1
씹슴은 뒷담전문회사노? 느그랑 꾸니 똥찬 메까,1
대체 몇명이야 지들끼리 뒷담까다 걸린게,0
+딱갤주,0
큥이 미뷔전에 갓갓 깐것도 추가해줘,0
띤까흥은 맞는데 띤빨망은 아님,0
큥이 9년째 빨리는데 안터졌어,0
느그랑 폭로자 더 나왔으면 좋겠다,0
손토ed 했으면,0
저거 왜 그냥 사과로 끝내냐면 머포랑 좆목하고 다닌건 찐이라그래,1
셀카 보내주고   그리고 짱깨년이랑 쇡뜬건 구라긔 ㅡㅡ 주작임,1
ㅜㅜㅜㅜㅜㅜㅜㅜㅜㅜㅜㅜㅜㅜ,0
뭔 다 구라래 느그랑 짱깨봊친보다 아는건 좆도 없으면서ㅋㅋ,1
몰라도 쇡든건 구라라고 저 자는사진 옷다입고 숙소에서 자는거 찍은거긔 짱깨봊친이 찍은게 아니라,1
빡머갈년아 황침 얘긴 왜 흐린 눈하노,1
저거 쓴년이 쓴건데 사진이 구라인데 구라지 ㅄ아,0
벗방비제이랑 술처먹는거 누구 소문이긔?,0
씹슴에서 9월에 유학생 나오노?,1
군지한 돌이래,0
ㅋㅋㅋㅋㅋㅋㅋㅋ촌?,0
뭔솔이긔,0
난민들 스마트폰 사용하던데 난민맞긔????,0
느이일 무산하고 쏘2나 느2티저 뜨게하자고 씹슴,0
느이일이 느2 위한거긔,0
느2 누가빨아 느금 이제 아무도기대안해 쏘2내자,0
열다리도 사과안하는데 사과해서 사실되어버렸노,0
고추털려도 먹금하면 모르는데ㅋㅋㅋㅋ,0
유럽은 식민지 만들어서 난민 받는 거고,0
한국은 점령당한 국가였는데 난민을 왜 받노?  멍청한 중졸(그 남성 연예인 고등학교 졸업도 안 한 꼴통 맞노) ㅈㅇㅅ 이 아무말 지껄인 걸로 멍청한 개돼지들 난민 받자고 책임감 없이 싸지르노,2
느그랑 뒷담깐거 누구냐고 ㅋㅋ,0
느그랑 타격큰게 팬들중에 간택해서 섹뜬거라서그럼,1
창열이는 만난봊들이 ㅆㅅㅌㅊ갓반인 전문직들이라 오히려 먼얘기같은데 느그랑은 빠순이중 이쁜년간택한거라 선택 못받은년들 타격 ㅆㅅㅌㅊ,1
아프간 난민들 국회의원 집에 수용하라 이기야,0
난민 받자는 국회의원 리스트 만들어서 공유해야 하노,0
호텔에서 만났는데 그럼 만나서 책봄?,0
쐭뜬게 구라라니 ㅋㅋ,0
이거 누가봐도 윈노 아니긔?,0
윈노 잘생겼잖아,0
네다음 장혜윈 무능충 7년간 말아먹고 정도껏해,0
느그랑때메 느짱때 해체될듯,0
분위기 구린거 들통남,0
6인이 활동하겠지,0
어차피 욕먹는거,0
느그랑이랑 이모 보면 증거가 힘이긔,0
고소협박도 못하잖아,0
ㄹㅇ증거 없으면 무조건 잡아뗐긔 이모도 녹취 풀기전에 지혼자 그냥 도망간거봐,0
400명이 얼마나 불어날지 무섭긔,0
1년뒤에 720명 돼있을듯,0
어딘데?,0
씹슴 출근 4시 그거 그냥 전화 꺼놓으면 되잖아ㅋ,0
아닌말로 일부러 전화 못본척이 아니라 진짜 자느라 못볼거 같은데 그 시간이면,0
ㅋㅋㅋㅋㅋㅋㅋㅋ ㄹㅇ,0
밤낮없는게 엔터라서 저게 일상이긔,0
느그랑 나갈꺼면 느짱깨 해체시키고 이새끼들도 짱개로 제발,1
쉰김치나 터져야 느금이 골로가지,0
느짱깨 타격도없긔,0
아니 세다리 열다리 정력도 좋노,0
여기저기 박고 다니는거 머단해,0
봊그룹 춤 1티어 누구긔,1
여끠 인가?,0
똠리사,0
여끠인듯,0
약지슥,0
?,0
여끠,0
여과가 더 봊돌춤스러운데,1
똠리사지,0
미언이지,0
언냐 미언이 어제 댄서들한테 개 털렸긔,0
미언 미동,0
짭오아까지 합치면 청범수 넘사 그다음 미언 이런 애들,0
흙수저 느그랑 앞길 막막해졌노 그냥 챙놈으로 살아야겠긔,1
생존형 챙놈ㅋㅋㅋㅋㅋㅋㅋㅋ,1
언냐들 느그랑 처럼 뭐 터질것같은새끼 말해봐,0
궁예해보자,0
정냐 섹찬,0
출근 4시 전화 쳐 안 받으면 되잖아,0
난민 수용하자는 새끼들 집에 난민 다 집어쳐넣어,0
자기들끼리만 1가구 3난민 실천하시긔 ㅇㅇ 한명도 남김없이 좀 쳐데려가,0
와 앙도리 존나 불쌍하다,0
아 시발 이버블 진짜 불쌍해 ㅋㅋㅋ,0
루카수 용서하자...,0
별일도 아니더만 자기가 구렇개 돈써서 만나놓고 틀어지니 사람을 묻으려고 하모,0
탈빠한 느그랑 짱깨앰들이 느그랑 전범기 끌올할거같긔,0
능국 우익 애니에서 전범기 장식 귀걸이가 보이는 짤을 그대로 보블에 보냈었긔 그거 알려지면 최근에 반짝 인기있었던 짱깨 호모 잦배우가 과거에 올린 능뽕 우익 게시물로 은퇴한거처럼 짱깨 출신 좆예인인 느그랑도 은퇴 가능할것 같긔,1
여기서 쪽쪽빠는새끼 무조건 터짐,0
큥이 9년째 빨리는데 안터짐,0
슴고도 끝난거지?,0
이미 끝났긴 하지만,0
어짜피 탈퇴하는데 해명은 해야지 ㅡㅡ 쇡뜬 사진은 구라입니다,0
숙소에서 옷다입고 자는거 찍은거임 짱깨년 집이 아니라 ㅡㅡ,1
짱깨봊친이 자지 좆만하고 노콘충이었다잖아,2
어떻게 쇡뜬게 구라야,0
느짱깨 어차치 짱깨도 김치도 수요없었잖아,1
걍 해체 ㄱ,0
뭔 앙더리가 불쌍해 폭공일 보다 못한 존재인데;,0
느짱깨는 텐노만 불쌍해,0
그냥 당장 활동무산된게 불쌍한거뿐인데,0
텐노도 그닥,0
새벽 네시에도 출동하려면 무전기 켜놓고 자야됨?,0
존나 웃기네,0
겨둑 시녀갤 오시긔,0
강아지 키우기 메까랑 메까시녀만 죽어라 패고이ㅆ긔,0
찬열다리도 폭로자언냐 고소했는데 느그랑은 인정하네,0
뭐가 더 구린게 있나보긔,0
그언냐는 증거가 없긔 근데 느그랑은 증거 있어서,0
느그랑 사과문 이렇게 썼으면 차기갤주감이였는데 아쉽긔 ㅠㅠ,0
느짱깨 9월에 짱깨가서 조용히 해체할듯,0
토익 805점이면 어느정도긔?,0
듣기는 430인데 리딩이 375 나왓긔,0
사람구실하는 정도,0
ㅍㅎㅌㅊ,0
Lc잘하노 점수 올리기 어려울수도있겠긔,0
전화 끄라는년들은 회사생활 안해봤지,0
팀장이 그런것도 말 안해주겠니,0
조딸앱 이정도면 개그맨하자,0
김치국에서 ㅚ앙 제외 젤 큰웃음주시는 분이야,0
이쪽은 로이스를 달라길래. 그냥 씹었네요,0
폭로를 보고 알았습니다,0
느그랑 담배 털렸을때도 꼴린다고 빨아주던 한녀들인데,0
진짜 느그랑 개걸레창년이었긔,2
한녀X 짱깨응우옌다문화줌들 O,1
바늘랑새끼 홍콩보내고,0
6인 느짱깨 활동해 시발,0
여끠가 여좹보다 잘춤?,0
난민 수용하려는 국회의원 누구누구 있노?,0
그 사람들 집에 아프간 난민 수용하면 되겠노,0
앙더리 안그래도 혼자 수납오지게 당했던데,0
어쩌노,0
느그랑반고 참 안타깝긔,0
받아들여,0
? 탈퇴 했으면 좋겠긔 근데 주작도 많은거 맞자나 쇡뜬 사진도 구라긔 ㅡㅡ,0
청와대에 아프간 난민 수용해라 이기야,0
책임 못 질 일은 만들지 말자고,0
근데 좆돌들은 백신 안맞긔?,0
여니 취준생이라 맞는데 억울해,0
20대는 9월부터 아니노 더 어린놈들은 나이가 안되고,0
근데 4시에 일어나서 가는게 낫긔,0
부른 본인들 잘못이어도 연락안받으면 눈치 존나 줄듯,0
짱깨언냐들이 웃기긴 웃겨,0
옛날 빻순이같애ㅋㅋ,0
엔터직원 불쌍하단년은 뭐노,0
싫으면 딴일하면되는데 지가 좆돌이랑 일하고싶어서 엔터고집햐는년들이긔,0
허안갑 춤 잘추는거긔?,0
좆닝맨 나와서 추는데 박자빠르고 동작이 오바스러워서 긔작같긔 열심히는 하긴 하는데 아님 좆닝맨때만 못한거긔?,1
옴봊이 존나 못춰서 메댄인거지 봊돌 메댄으로 치면 그닥 ㅇㅇ,1
안무 날리는거 많긔 걔도,0
그치?춤이 다 노래보다 빠르드라긔,0
느금 애미들 느그랑 좆되서 신날 듯,2
느짱깨 컴백 올해만 5-6번 컴백 하는데 좆같았긔 ㅇㅇ,1
똥깅이 사진 내려라,0
귀여워서 안돼❤+,0
ㄴㄷㄸ,0
난민 신안으로 보내면 인정하겠긔,0
어짜피 탈퇴인데 주작한건 해명해야지 ㅡㅡ,0
쇡뜬 사진은 구라입니다 ㅡㅡ,0
숙소에서 자는거 찍은거,0
느그랑 쇡비 그냥 풀어,0
궁금해,0
시간 지나면,0
좆선족+아프간 좆기 나올듯,1
느그랑 안됐지만 저버릇 마흔되도 못고치긔윤,0
걍 둘기해서 마음껏 따먹으면서 살아,0
아익까~내 봊친 누군데? 모기다 읏챠,1
요녀석~~,0
첫 폭로가 어떻게 주작으로 까임?,0
느금창 병신 알계도 다 믿으면서 ㅋㅋㅋㅋ,1
그거푼년이 신상을 아는년들이 있어서 그럼,0
느금창인데 느그랑 컴백하는줄도몰랐긔,1
느짱깨는 이런존재긔,0
느이일 무조건 느그랑 느금유였을꺼같노 ㅋㅋㅋㅋㅋㅋㅋ,0
ㄴㄴ 원래 느짱깨 짱깨가서 안꼈다니까,0
앙더리 별 생각없었는데 보블보니까 존나 불쌍하노,0
와 개씨발 내가 앙더리앰이라면 개빡쳤긔,1
느그랑 폭로 김치봊은 주작맞긔,1
느그랑이 갓반인을 왜 만나 ㅡㅡ,0
근데왜 다인정함? 풉,0
정신차려라,0
거지처럼 다시 전화해서 나랑 얘기할 수 있어 진정으로 너 사랑했어 이지랄한거 이미 인증완. 거짓말이면 고소당했지 짱깨년아,1
어머니,0
이런 년들이 변기처럼 빠는거군아,1
겨둑시녀들 메까탓 하는게 웃창이긔,0
겨둑이패면 메까까지 팰수있어서 가성비 ㅅㅌㅊ긔,0
아프간 난민 강남에 수용하라 이기야,0
국회의원 집에 받도록 해,0
반고말고 느금 자컨 캡쳐해서 패던 크트도 느그랑앰임,0
느김치 느꿈스워나면 둘다패면서 결론은 느그랑 와꾸미만잡거리는거 개빡쳤는데 부메랑 ㅆㅅㅌㅊ노,0
앙더리앰도 아닌데 솔직히 개불쌍하노,0
한녀빻순이들도 짱녀들처럼 한남들 가차없이 패야되는데,2
세상 제일가는 띵잦들이셔서 통수 맞고 또 믿고 하시니 원,1
느그랑 반고온냐 지금 느그랑에게 디엠 보내시긔,0
지금처럼 멘탈 약해졌을때 접근하는거긔,0
탈퇴했으면 좋겠긔,0
언냐들 때론 아니 뗀 굴뚝에도 연기가 나긔,0
소문이 늘 맞진 않긔,0
소문은 여러개고 그중에 몇개는 맞는거지,0
맞는거 아무것도 없음,0
내말은 소문이 100개면 그중에 2-3개는 맞다고 근데 여기년들은 그 2-3개로 100개가 맞다함,0
ㄴㄴ 100개여도 하나도 안맞긔,0
느그랑 반고보면서 섹리나 변기 아직도 빠는년 있는거 이해완,1
느짱깨앰이,2
좆선족말고 김치에 있기는함?궁금,1
저거 느꺼위시 컴백 이틀전에 저랬으면,0
존나 살떨렸게ㅅ다 시발ㅋㅋㅋㅋㅋㅋㅋㅋㅋ,0
보딸이 커엽고 잘생긴 그런 좆이돌이랑 거리가 멀긔,1
그냥 ㄹㅇ 공고잦 같아서 가끔 꼴릴뿐,1
앙더리앰들 뭔죄노,0
근데 앙더리앰들이 있긴있나,0
메까 시녀 ㅋㅋ 이와중에 메까 영업하는거 웃겨,0
대구도 무슬림 사원 건축해서 시위하던데,0
구청에서 건축허가 내줬대  시민들 불쌍해서 어떡하노,0
느그랑 느이공 센터였는데 꾼 존나 신난 이유가 있노,0
걍 탈퇴하지는,0
이제 누가빨아준다고 ㅋㅋ,0
겨둑시녀들 존나게 넹글함,0
느그랑도 제2의 둘짱이 될 기미가 보이는군아,0
혐 후계자 겨둑 근당 후계자 학래 둘짱 후계자 느그랑,0
느그랑 주작도 많이 섞여있을거같애,0
다 못믿겠어,0
ㅈㄹ 오히려 안푼게존나많을듯,0
이 시발년,1
섹찬이빠는년들아,1
섹찬이 파생갤 와서 빨자 이기ㅜㅜ,0
야 느그랑 탈퇴안한다고??,0
ㄹㅇ? 씹슴 대단하다,0
폭로년들 왜 고소 안하노? 허위사실로 고소하면 되잖아,0
인정을 왜 하긔?,0
허위사실이 아닌가보지,0
난민 수용,0
찬성이 8표나 있노 투표 없었으면 사태파악 못할 뻔,0
13명은 아프간으로 추방하자,0
겨둑시녀갤봐 ㅋㅋㅋㅋ,0
메까패는거 징그럽긔,0
짱깨 갤에 ㅈㄴ많노 앙더리 관심있는년이 누가있다고,0
애미 아닌데도 불쌍 ㅇㅈㄹ,1
느그랑앰아 그걸 못참노,1
갤에 조선족밖에 없어,0
아프간 난민 수용할 곳 국회의원 집으로 정해라,0
수용하자고 의견 낸 국회의원 이름도 확보해야 함,0
어짜피 탈퇴인데 주작은 해명해야지,0
쇡사진은 구라입니다,0
숙소에서 옷입고 자는거 찍는거긔,0
이와중에도 정신 못차리는 년이 잇노,0
진심으로 반성하고 돌아왔으면 ㅇㅈㄹㅋㅋㅋㅋ,0
씹소 사고치는거 질려서 느금만든건데 돈은 돈대로나가고,0
돈 들어오는건 없어서 씹슴까지팔려나가는데 그때 주가 떨어지게 사고나치고 다니는게 느금이긔 그걸만든게 개수만이고,0
언냐들 메겨스워는 예전 여산스워 모각스워 때랑 느낌이 다르긔,0
걍 간잽하는 잦돌유입창년들이 자존심 싸움하는거 같아서 좆노잼에 오글거리긔...,1
근데 김치피해자온니 좀만 더 참지ㅡㅡ,0
느이일 티저뜨고 터트려야 개박살인데,0
여니는 앙더리 포카 나오면 다 가졌긔,0
존나 애미맘든다 지금 와꾸도 물올랐는데 씨발,2
잘생겼잖아,0
"단독) 찬열x루카스 특급유닛결성 타이틀곡 '열다리 세카스""",0
그룹명은 로이스와로이 (Royce and Loey)로 올가을 여심을 저격한다,0
아 존나웃겨,0
로이스와로이 애미씹ㅋㅋㅋㅋㅋㅋㅋㅋㅋ,1
미친년아 ㅋㅋㅋㅋㅋㅋ,0
솔직히 더 큰게 풀릴뻔하니까 씹슴이 얼레벌떡 사과문,0
냈겠지,0
다른 잦돌이어도 주작은 밝혀야한다고 했을까?,0
끠떡됐겠지,1
무추랑 쉴드치는 반고 제일 씹띵잦같애,1
진짜 대단하다,0
미동미언이 뭔 춤을잘춰ㅋㅋㅋㅋ,0
미동이보다 미언이가 더 춤 잘추눈데 미언이 어제 스우파에서 개털렸긔,0
미동이보다 미언이 훨씬 잘추고 그냥 스우파 언냐들이 어나더인거긔 언냐,0
봊돌 중에선 ㅆㅅㅌㅊ맞음,1
겨둑 시녀갤 어디야?,0
앙더리앰들 불쌍ㅜㅜ,0
솔로로 전환해주던가,0
느21 엎어졌으면 좋겠노,0
코아픈2,0
엄걸로이스ㅋㅋ,0
존나웃겨 씹,0
겨둑시녀들아 제발 메까 좀 놓고 날조 그만해,0
니들이 날조하는 이 트윗은 ㄲ이라는 다른 메까시녀 페잉 테러하고 지랄하는년 있어서 ㄲ이 그만하라고 글써서 그언냐 위로해주면서 쓴거임,1
개겨둑 시녀들 존나 웃기네 까일 영상이 아니라매,0
메까 시녀들이 좆냥영상 같이 올린걸로 존나 패는데 애초에 까일 영상 아니면 엮어올린게 뭔 상관이긔 ㅋㅋㅋㅋ 맨날 어따 화풀이노 느그 유충새끼나 마저 줘패시긔,2
돼벨갤 모저씨 누구한테 정액테러 했는데?,1
이렇게된거 걍 느짱깨 해체하면안됨??,1
짱깨새끼들 존나보기싫고 밥버러지밖에없긔,1
느그랑 그냥 은토이하는 게 낫긔,0
활중 때리고 눈치 본단 거 같아서 더 좆뱀 같긔,0
똥카스 느금 한국멤들한테는 파키스탄 노동자1이노 ㅋㅋㅋ,1
정냐옆에 똥카스짤이 모든걸 말해주긔 ㅋㅋ,0
앙더리 느짱깨에서 곽이 역할이긔,1
분위기 띄우고 행동으로 쳐웃기면서 씹스러운거는 없긔,0
이짤 키 왤케 작아보여,0
앙더리 놈 불쌍해,0
걍 바늘 읍추 영상이 실존하는거야,0
인정한거보면,0
쐭사진이 구라라고 그거 숙소에서 찍은거야 ㅄ아,0
좆뱀짓하고 호텔가서 섹스존나한거도 맞는데 뭘 그렇게부정하고싶어하노 ㅋ,1
주작이 있든 말든 더러운 걸레새끼인건 팩트잖아,1
언냐들 어디 봊초하노? 보통 소문 거의 주작 맞긔,1
무슨 좆티에서 말하는 소문까지 믿는거노,1
royal'팸이노,0
저주파시녀들 들어와봐,0
이런년놈들이 신나서 대리스워 하고 퍼다 나르고 하는건데 그만 낚여서 싸우라고 봊연갤에서 봊돌 저주파만 죽어라 쳐맞는걸 봐도 못느끼겠노 머 터질것만 기다리고 있는 년들이긔 다 망해서 저주파 운지하기만을 기다리고 있긔 신인봊돌 나와서 그 회사퀴병신들도 저주파 패면서 나대고 있고 대리스워로 저주파 악개판 돼서 단체 좆망하라고 빌고있긔 정신좀 차려  봊연갤에서 봊돌 악개스워가 왜 저주파만 나겠노,1
겨둑시녀갤을 가봐 그년들이 스워충이야,0
씹슴은 앙더리 느이일활동때 느그랑파트주시긔,1
앙더리 느그랑보단 썰렸지만 랩은 더 잘하긔,0
느그랑 외퀴들은 왜 아직까지 현실부정 하는거노,0
느그랑이 직접 인정하고 사과문까지 썼는데도 끝까지 안믿음ㅋㅋㅋㅋㅋ,0
짱깨바도 닫았는데 뭔소용이노,0
짱깨바 닫은거에 루머를 진짜 믿는 바보냐고 그러더라 병신 띵장년들ㅋㅋㅋ,1
변기도 빠는 외퀴들인데 말이통하겠누,1
외퀴들 진짜 좆병신들임,1
로이스와 로이래 아,0
미친년,0
갤창 겨둑시녀들 메까팰려고 겨둑이빰,0
차라리 짹창 트페미 시녀들은 메까한테 별생각 없고 진짜 겨둑이 좋아서 빠는년들 많은데 라창에서 겨둑이 빨리는거보면 이년들은 메까한테 반감가지는게 겨둑이 빠는 원동력임 메까시녀갤은 겨둑이 언급 관심 좆도없는데 겨둑시녀들은 허구한날 크트똥냐랑 같이 메까창년ㅇㅈㄹ 달리는거만봐도,2
바늘이라는거 보고 사람이 어째 이렇게 달라보임?,0
시발,1
느그랑 왜 외퀴한테도 버려진거긔??,0
원래 외퀴들 대깨수준으로 쉴드쳐주지않음?? 애미들이랑 놀아나서 다른건가,1
외퀴들 지금도 쉴드치고 있던데?,0
언냐들 겨둑시녀갤 개념글 보고가시긔,0
고양이한테 소리지르고 보블 보낸건 겨둑이인데 왜 남탓하는거긔,0
아프간 난민 찬성한 사람들 집에 수용해야 하는데,0
투표 익명 말고 실명제로 해야 함 그래야 찬성한 사람들 집에 아프간 난민 보내지,0
메까랑 겨둑이랑 같은날 영상을 보냈으니까 같이 올라오겠지,0
겨둑시녀들 암만봐도 걍 화풀이긔 ㅋ,0
느그랑 선족이랑 듀오였으면 청웅당했어,0
선족앰 머갈수 생각하면 윈노앰은 아무것도 아니였을거긔 느그랑 ㄹㅇ 청웅당함,0
근데 안고가봤자 몇년뒤에 변기둘짱ed할텐데,0
왜 탈퇴안시킴,0
똥카스 정냐 번따당할때 옆에서 허버허버 훠궈처먹으면서,1
나는야 미래의 짱깨톱스타가 될거야 허버허버 현실은 똥남아짱깨 끔찍한 혼종 거지새끼,2
로이스와 로이 미친년아 ㅋㅋㅋㅋㅋㅋㅋㅋㅋㅋㅋㅋㅋ,0
아 시발,1
느그랑 은토이 윈노 둘기 느짱깨 족러 합류되면 좋겠긔,0
그리고 느악몽 섹자로 합류,0
짭이모 에이즈원때 코쉐딩 부담스러울정도로 하더니,0
재신비함?,0
앙더리 불쌍하긴해,0
얜 그룹활동빼면 하는게 없긔 느그랑때문에 당분간 더 할거없어졌는데 쿤노랑 세트로 불쌍하잖아,0
로이스와 로이,0
쇡뜬 사진은 주작입니다,0
숙소에서 옷입고 자는거 찍은거,0
섹스한건맞는데 ㅋㅋ,0
메겨갤 둘다 관음하고 왓긔,0
메까갤은 조용하고 왜 겨둑갤만 화낫긔?,0
원래 저래 메까시녀갤은 사람도 별로 없긔,0
느짱깨 걍 다 안불쌍해,1
짱깨들 동정해봤자 뭐하노 어차피 짱깨인데,1
솜다깅이 이뿌긩,0
약젠 셀카 업뎃,0
늙었노,0
이로써 느이일에 느짱깨참여확률 올라갔긔,1
투어안가면 김치국에 계속있는거노?,0
아 진짜 개싫다 ㅡㅡ,0
걍 수납이지 돼벨처럼ㅋㅋㅋ,0
응 짱깨 자체를 아예 처분한거긔 ㅇㅇ,1
새끼 봊질 한번도 안터졌는데 맨날 봊소문 돌아서 짜증났긔,1
다 지들끼리 주작이나 하고 뭐 봊친이랑 동거를 했다는둥 봊친 산부인과 갔다가 사생한테 걸렸다는둥 봊친 바뀔때마다 개를 입양하는데 헤어지면서 개를 몇마리 파양했다는둥 이상한 소설 존나 많았긔 ㅡㅡ 근데 밝혀진건 하나도 없었음,1
몇 년차인데,0
데뷔한진 좀 됐긔 근데 주기적으로 저딴말나옴,0
흰수만이 질려서 팔만하긔,0
사고치는거 지겨워서 느금 만든건데 사건사고만 3배,0
메까시녀들이 메까고양이영상빠는게 뭔죄긔?,0
누가 가만히있던 좆냥이 패라고 개겨둑 마컨시키고 조정했노? 분조장왔으면 개겨둑버블에 정신차리라고 욕싸시긔,1
메까 넴드 뭐가진실인데 메계시녀들 말이다다르긔,0
뭐가 진실이냐면 좆냥이영상 올라온날 메까네임드들 메까빠는글 올린거고 그걸로 이제와서 하혈쳐하는거긔 메까앰한명이 보블오자마자 둘영상 합쳐서 올렸는데 그거 하라가 겨둑이 욕하려고 퍼가니깐 그 메까앰 화들짝 놀라서 지워버렸긔,2
메겨 둘다 빨려고 올렸다가 할망이 그거 인용해서 겨둑이 욕먹일려해서 메까앰이 계정 잠그고 삭제했긔 사실 할망이 문제긔ㅋㅋㅋㅋㅋㅋㅋ,0
엄걸로이스 씨발ㅋㅋㅋㅋㅋ,1
아ㅋㅋㅋㅋㅋㅋㄴㄴㄴ,0
ㄹㅇ 무슨 느짱깨 유닛까지 쳐나오길래 좆같았는데,1
짱깨 out,0
조선족 지방선거 투표권 뺏어야 함,0
미국도 영주권자에게는 투표권 안 주고 시민권자만 주는데  좌파 변호사들 미쳤노,0
근데 일개 사생년들이 잦돌이 누구랑 동거하는지 어케암?,1
박찬열다리도 모르면서,0
일개 ㅋㅋㅋㅋㅋㅋ긷갤개줌마,0
전교 석차 50등 진입이나 해 병신련아ㅋㅋㅋ,1
병크는 겨둑이가 터뜨렸는데 왜 메까시녀들보고 빨지말라는거긔,0
좆냥이 만지는영상 애초에 메까가 먼저보내지않았긔?,1
시발 느그랑 시발 놈아 ㅠㅠ,1
느금 어차피 머갈수 노무많은데 하나쯤 쳐내시긔,0
무추랑 쳐내고 폭자님 슴고에 투입해,0
이거 눈마주친거 정냐임?,0
겨둑이 시녀들 왜저렇게 멍청해,0
차라리 봊연갤 와서 스워하지 파생갤에서 메까 대놓고 패노,1
스워 안하고싶어서 가만히 있으니 개지랄이네 개겨둑창년들,2
똥카스가 봊들한테 돈도 많이 쓰고 나름 로맨틱하기라도 했어봐,1
섹뜰려고 별지랄을 다하는구나 싶어도  똥남아 거지새끼라 별수 없다는 소린 안 듣지 ㅋㅋ 근데 시발 로이스 초콜렛에 벌벌떨고 돈 1도 안내는 거지새끼인거 다 까발려진거 보니까 놈 웃긴거긔 후진국 거지매국노 싼타아재는 싼티나도 어쨌든 봊한테 싼타라는 소리는 들었잖아 ㅇㅇ 그것조차도 안했노 거지새끼 ㅉㅉ,2
초콜릿이 뭐라고,0
1만원짜리에 벌벌떠는 후진국원숭이긔,0
겨둑이 시녀갤 메까 엄청 깜 ㅋㅋ,0
메주머니 왜저래?,0
로이스와 로이 쓸데없이 고급스럽노,0
겨둑갤 경괴갤 ㄹㅇ줌내 비슷하노,0
네다느,0
느그랑 해명도 없이 그냥 사과문만 올린 이유가,0
지금 씨제이가 스엠 먹는 기사들 때문에 탈퇴 기사를 굳이 안쓰는거긔 오늘 나올 음원 뮤비 그냥 다 버리는거 보면 느그랑 탈퇴맞긔,0
그리고 뒷담깐건 주작이야,0
쐭스 사진도 주작입니다,0
느그랑 터진거 놀랍지도 않아,0